SALE TYPE,SOLD DATE,PROPERTY TYPE,ADDRESS,CITY,STATE OR PROVINCE,ZIP OR POSTAL CODE,PRICE,BEDS,BATHS,LOCATION,SQUARE FEET,LOT SIZE,YEAR BUILT,DAYS ON MARKET,$/SQUARE FEET,HOA/MONTH,STATUS,NEXT OPEN HOUSE START TIME,NEXT OPEN HOUSE END TIME,URL (SEE http://www.redfin.com/buy-a-home/comparative-market-analysis FOR INFO ON PRICING),SOURCE,MLS#,FAVORITE,INTERESTED,LATITUDE,LONGITUDE
MLS Listing,,Single Family Residential,542 27th Ave,SAN FRANCISCO,CA,94121,2995000,3,4.0,SAN FRANCISCO,3810,2400,1999,1,786,,Active,September-11-2021 01:00 PM,September-11-2021 04:00 PM,http://www.redfin.com/CA/San-Francisco/542-27th-Ave-94121/home/2007755,MLSListings,ML81861532,N,Y,37.7791442,-122.4865593
MLS Listing,,Condo/Co-op,461 2nd St Unit C118,San Francisco,CA,94107,750000,1,1.0,San Francisco,672,56167,1907,1,1116,651,Active,September-11-2021 02:30 PM,September-11-2021 04:30 PM,http://www.redfin.com/CA/San-Francisco/461-2nd-St-94107/unit-C118/home/1203053,San Francisco MLS,421589274,N,Y,37.783797,-122.3937191
MLS Listing,,Condo/Co-op,1688 Pine St Unit W404,San Francisco,CA,94109,799000,1,1.0,San Francisco,694,35482,2016,2,1151,689,Active,September-11-2021 02:00 PM,September-11-2021 04:00 PM,http://www.redfin.com/CA/San-Francisco/1688-Pine-St-94109/unit-W404/home/109079509,San Francisco MLS,421591931,N,Y,37.789363121,-122.4233618
MLS Listing,,Condo/Co-op,253 Oak St,San Francisco,CA,94102,999000,2,1.0,San Francisco,1000,,1912,2,999,315,Active,September-11-2021 02:00 PM,September-11-2021 04:00 PM,http://www.redfin.com/CA/San-Francisco/253-Oak-St-94102/home/40615584,San Francisco MLS,421591920,N,Y,37.7747818,-122.4234512
MLS Listing,,Single Family Residential,209 South Hill Blvd,San Francisco,CA,94112,1098000,2,1.0,San Francisco,1364,4499,1927,16,805,,Active,,,http://www.redfin.com/CA/San-Francisco/209-S-Hill-Blvd-94112/home/793588,San Francisco MLS,421579021,N,Y,37.71011,-122.4303341
MLS Listing,,Condo/Co-op,2000 Ellis St #205,San Francisco,CA,94115,749000,1,1.0,San Francisco,595,8090,2013,16,1259,466,Active,,,http://www.redfin.com/CA/San-Francisco/2000-Ellis-St-94115/unit-205/home/55244549,San Francisco MLS,421587794,N,Y,37.781718,-122.439434
MLS Listing,,Condo/Co-op,1998 Broadway #807,San Francisco,CA,94109,1350000,2,2.0,San Francisco,1030,15195,1964,28,1311,1288,Active,,,http://www.redfin.com/CA/San-Francisco/1998-Broadway-94109/unit-807/home/1865773,San Francisco MLS,421583886,N,Y,37.7953251,-122.4298254
MLS Listing,,Single Family Residential,618 Mangels Ave,San Francisco,CA,94127,1798000,3,3.0,San Francisco,1920,3746,1912,34,936,,Active,September-9-2021 05:00 PM,September-9-2021 06:30 PM,http://www.redfin.com/CA/San-Francisco/618-Mangels-Ave-94127/home/1719034,San Francisco MLS,421582030,N,Y,37.7332736,-122.4516557
MLS Listing,,Condo/Co-op,163 Shipley St,San Francisco,CA,94107,875000,2,1.0,San Francisco,801,10427,1992,42,1092,599,Active,,,http://www.redfin.com/CA/San-Francisco/163-Shipley-94107/home/1950146,San Francisco MLS,421576170,N,Y,37.7805383,-122.4018925
MLS Listing,,Condo/Co-op,248 Myrtle St,San Francisco,CA,94109,775000,2,1.0,San Francisco,975,3828,1900,128,795,461,Active,,,http://www.redfin.com/CA/San-Francisco/248-Myrtle-St-94109/home/1491675,San Francisco MLS,421544867,N,Y,37.7852487,-122.4221514
Redfin Data,,Condo/Co-op,1816 23rd St,San Francisco,CA,94107,899000,2,1.0,San Francisco,1134,,1988,8,793,600,Pre On-Market,,,http://www.redfin.com/CA/San-Francisco/1816-23rd-St-94107/home/1874262,Coming Soon,76070,N,Y,37.7549818,-122.3980981
MLS Listing,,Condo/Co-op,60 Ora Way Unit H308,San Francisco,CA,94131,446673,2,1.0,San Francisco,913,6813,1975,1,489,727,Active,,,http://www.redfin.com/CA/San-Francisco/60-Ora-Way-94131/unit-H308/home/1355015,San Francisco MLS,421588505,N,Y,37.7410286,-122.4380095
MLS Listing,,Single Family Residential,5705 Diamond Heights Blvd,San Francisco,CA,94131,2795000,4,3.0,San Francisco,2507,3219,1968,1,1115,,Active,September-11-2021 12:00 PM,September-11-2021 03:00 PM,http://www.redfin.com/CA/San-Francisco/5705-Diamond-Heights-Blvd-94131/home/1380894,San Francisco MLS,421592416,N,Y,37.7384617,-122.4397569
MLS Listing,,Multi-Family (2-4 Unit),10 Reno Pl,San Francisco,CA,94133,6995000,7,8.0,San Francisco,,1629,,1,,,Active,,,http://www.redfin.com/CA/San-Francisco/10-Reno-Pl-94133/unit-5/home/1187588,San Francisco MLS,421590872,N,Y,37.7998628,-122.4054505
MLS Listing,,Single Family Residential,101 Upper Terrace Way,San Francisco,CA,94117,5285000,4,4.0,San Francisco,3160,3898,1947,1,1672,,Active,September-14-2021 12:00 PM,September-14-2021 01:30 PM,http://www.redfin.com/CA/San-Francisco/101-Upper-Ter-94117/home/670208,San Francisco MLS,421585962,N,Y,37.7650786,-122.4435169
MLS Listing,,Multi-Family (2-4 Unit),528 - 530A Noe St,San Francisco,CA,94114,3400000,4,2.0,San Francisco,2500,3171,1900,1,1360,,Active,,,http://www.redfin.com/CA/San-Francisco/528-Noe-St-94114/home/1352258,San Francisco MLS,421589570,N,Y,37.7603997,-122.4330914
MLS Listing,,Condo/Co-op,200 Brannan St #434,San Francisco,CA,94107,3395000,2,3.0,San Francisco,1831,,2004,1,1854,941,Active,,,http://www.redfin.com/CA/San-Francisco/200-Brannan-St-94107/unit-434/home/1870703,San Francisco MLS,421592400,N,Y,37.7837501,-122.3908424
MLS Listing,,Condo/Co-op,1150 Sacramento St #303,San Francisco,CA,94108,3295000,2,2.0,San Francisco,1868,14843,1989,1,1764,2627,Active,,,http://www.redfin.com/CA/San-Francisco/1150-Sacramento-St-94108/unit-303/home/546735,San Francisco MLS,421592184,N,Y,37.7929469,-122.4118142
MLS Listing,,Single Family Residential,2815 Pacific Ave,San Francisco,CA,94115,10500000,5,5.5,San Francisco,5000,4350,1926,1,2100,,Active,,,http://www.redfin.com/CA/San-Francisco/2815-Pacific-Ave-94115/home/1716537,San Francisco MLS,421592000,N,Y,37.792283,-122.4416401
MLS Listing,,Condo/Co-op,338 Potrero Ave #506,San Francisco,CA,94103,695000,1,1.0,San Francisco,659,11250,2016,1,1055,634,Active,,,http://www.redfin.com/CA/San-Francisco/338-Potrero-Ave-94103/unit-506/home/144063904,San Francisco MLS,421592068,N,Y,37.7651556,-122.4077002
MLS Listing,,Condo/Co-op,301 Mission St Unit 9D,San Francisco,CA,94105,750000,1,1.0,San Francisco,678,,2009,1,1106,1535,Active,,,http://www.redfin.com/CA/San-Francisco/301-Mission-St-94105/unit-9D/home/40142356,San Francisco MLS,421591864,N,Y,37.7903824,-122.3961531
MLS Listing,,Single Family Residential,21 Westwood Dr,San Francisco,CA,94112,1925000,4,4.0,San Francisco,2648,3558,1920,1,727,12,Active,September-9-2021 05:30 PM,September-9-2021 07:00 PM,http://www.redfin.com/CA/San-Francisco/21-Westwood-Dr-94112/home/698494,San Francisco MLS,421589855,N,Y,37.7257158,-122.4589093
MLS Listing,,Single Family Residential,4745 18th St,San Francisco,CA,94114,1895000,2,2.0,San Francisco,1600,2822,1887,1,1184,,Active,,,http://www.redfin.com/CA/San-Francisco/4745-18th-St-94114/home/1813652,San Francisco MLS,421590920,N,Y,37.7597489,-122.4439638
MLS Listing,,Condo/Co-op,1277 Union St,San Francisco,CA,94109,1750000,3,2.0,San Francisco,1655,,1911,1,1057,450,Active,September-10-2021 04:00 PM,September-10-2021 06:00 PM,http://www.redfin.com/CA/San-Francisco/1277-Union-St-94109/home/12402508,San Francisco MLS,421589913,N,Y,37.7988953,-122.4201915
MLS Listing,,Condo/Co-op,586 41st Ave,San Francisco,CA,94121,1095000,3,2.0,San Francisco,1045,2495,1941,1,1048,,Active,September-11-2021 01:00 PM,September-11-2021 03:00 PM,http://www.redfin.com/CA/San-Francisco/586-41st-Ave-94121/home/1515938,San Francisco MLS,421588306,N,Y,37.777709,-122.5016134
MLS Listing,,Condo/Co-op,255 Berry St #710,San Francisco,CA,94158,2900000,3,2.5,San Francisco,2293,42959,2004,1,1265,1114,Active,,,http://www.redfin.com/CA/San-Francisco/255-Berry-St-94158/unit-710/home/1737852,San Francisco MLS,421588062,N,Y,37.7743869,-122.3947812
MLS Listing,,Condo/Co-op,1932 Fell St,San Francisco,CA,94117,499000,0,1.0,San Francisco,,6875,1905,1,,369,Active,September-11-2021 02:00 PM,September-11-2021 04:00 PM,http://www.redfin.com/CA/San-Francisco/1932-Fell-St-94117/unit-11/home/1530461,San Francisco MLS,421575151,N,Y,37.7727316,-122.4498877
MLS Listing,,Condo/Co-op,2002 3rd St #213,San Francisco,CA,94107,1198000,2,2.0,San Francisco,1354,16636,2002,1,885,690,Active,September-11-2021 12:00 PM,September-11-2021 01:30 PM,http://www.redfin.com/CA/San-Francisco/2002-3rd-St-94107/unit-213/home/12398036,San Francisco MLS,421589812,N,Y,37.763914,-122.3891164
MLS Listing,,Single Family Residential,1370 Quesada Ave,San Francisco,CA,94124,699000,4,2.0,Bayview,1211,2495,1955,1,577,,Active,,,http://www.redfin.com/CA/San-Francisco/1370-Quesada-Ave-94124/home/1855969,"bridgeMLS, Bay East AOR, or Contra Costa AOR",40966168,N,Y,37.730039,-122.3851958
MLS Listing,,Townhouse,2924 Fillmore St,San Francisco,CA,94123,2895000,4,4.0,SFO - San Francisco,3106,2622,1910,1,932,,Active,,,http://www.redfin.com/CA/San-Francisco/2924-Fillmore-St-94123/home/1538789,CRMLS,OC21198039,N,Y,37.7965823,-122.4351135
MLS Listing,,Condo/Co-op,214 Cole St,San Francisco,CA,94117,995000,2,1.0,San Francisco,1190,2652,1910,1,836,,Active,September-12-2021 03:00 PM,September-12-2021 04:30 PM,http://www.redfin.com/CA/San-Francisco/214-Cole-St-94117/home/167263368,San Francisco MLS,421592379,N,Y,37.7731022,-122.4507077
MLS Listing,,Condo/Co-op,770 Francisco St,San Francisco,CA,94133,1250000,2,1.0,San Francisco,1031,,1900,1,1212,523,Active,September-11-2021 02:00 PM,September-11-2021 04:00 PM,http://www.redfin.com/CA/San-Francisco/770-Francisco-St-94133/home/1570495,"bridgeMLS, Bay East AOR, or Contra Costa AOR",40966146,N,Y,37.8043889,-122.4178433
MLS Listing,,Condo/Co-op,950 Tennessee St #127,San Francisco,CA,94107,1782000,3,2.0,San Francisco,1440,,2020,1,1238,764,Active,,,http://www.redfin.com/CA/San-Francisco/950-Tennessee-St-94107/unit-127/home/176334106,San Francisco MLS,421592329,N,Y,37.7596747,-122.3898245
MLS Listing,,Condo/Co-op,950 Tennessee St #218,San Francisco,CA,94107,1748000,2,2.0,San Francisco,1334,,2020,1,1310,738,Active,,,http://www.redfin.com/CA/San-Francisco/950-Tennessee-St-94107/unit-218/home/176334105,San Francisco MLS,421592316,N,Y,37.7596747,-122.3898245
MLS Listing,,Condo/Co-op,950 Tennessee St #114,San Francisco,CA,94107,645000,0,1.0,San Francisco,472,,2020,1,1367,435,Active,,,http://www.redfin.com/CA/San-Francisco/950-Tennessee-St-94107/unit-114/home/170136803,San Francisco MLS,421592315,N,Y,37.7596747,-122.3898245
MLS Listing,,Condo/Co-op,950 Tennessee St #317,San Francisco,CA,94107,633000,0,1.0,San Francisco,432,,2020,1,1465,435,Active,,,http://www.redfin.com/CA/San-Francisco/950-Tennessee-St-94107/unit-317/home/169789925,San Francisco MLS,421592310,N,Y,37.7596747,-122.3898245
MLS Listing,,Condo/Co-op,950 Tennessee St #224,San Francisco,CA,94107,1169000,1,1.0,San Francisco,885,,2020,1,1321,577,Active,,,http://www.redfin.com/CA/San-Francisco/950-Tennessee-St-94107/unit-224/home/172486409,San Francisco MLS,421592300,N,Y,37.7596747,-122.3898245
MLS Listing,,Condo/Co-op,3010 Franklin St #4,San Francisco,CA,94123,999000,2,1.0,San Francisco,950,3795,1922,1,1052,433,Active,September-12-2021 12:00 PM,September-12-2021 02:00 PM,http://www.redfin.com/CA/San-Francisco/3010-Franklin-St-94123/unit-4/home/12353793,San Francisco MLS,421592087,N,Y,37.8023368,-122.4262777
MLS Listing,,Condo/Co-op,2001 Mcallister St #206,San Francisco,CA,94118,1149000,2,2.0,San Francisco,989,98109,2002,1,1162,828,Active,September-11-2021 01:00 PM,September-11-2021 03:00 PM,http://www.redfin.com/CA/San-Francisco/2001-McAllister-St-94118/unit-206/home/12398683,San Francisco MLS,421588106,N,Y,37.776448,-122.4460603
MLS Listing,,Single Family Residential,99 Hillcrest Ct,San Francisco,CA,94127,995000,3,2.0,San Francisco,1294,3484,1959,1,769,,Active,,,http://www.redfin.com/CA/San-Francisco/99-Hillcrest-Ct-94127/home/688114,San Francisco MLS,421592077,N,Y,37.7366461,-122.4531595
MLS Listing,,Multi-Family (2-4 Unit),1955 Page St,San Francisco,CA,94117,2288000,9,1.0,San Francisco,4665,3436,1900,1,490,,Active,,,http://www.redfin.com/CA/San-Francisco/1955-Page-St-94117/home/1716963,San Francisco MLS,421592249,N,Y,37.7699141,-122.4529304
MLS Listing,,Condo/Co-op,201 Harrison St #416,San Francisco,CA,94105,825000,1,1.0,San Francisco,719,38449,1991,1,1147,720,Active,September-11-2021 02:00 PM,September-11-2021 04:00 PM,http://www.redfin.com/CA/San-Francisco/201-Harrison-St-94105/unit-416/home/1993488,San Francisco MLS,421592235,N,Y,37.7874798,-122.3905769
MLS Listing,,Single Family Residential,3108 Franklin St,San Francisco,CA,94123,3698000,3,3.5,San Francisco,2395,3097,1922,1,1544,,Active,September-9-2021 05:00 PM,September-9-2021 07:00 PM,http://www.redfin.com/CA/San-Francisco/3108-Franklin-St-94123/home/1876812,San Francisco MLS,421592042,N,Y,37.8032725,-122.4263057
MLS Listing,,Condo/Co-op,175 Red Rock Way Unit 208K,San Francisco,CA,94131,599000,0,1.0,San Francisco,592,7021,1972,1,1012,516,Active,September-9-2021 05:30 PM,September-9-2021 06:30 PM,http://www.redfin.com/CA/San-Francisco/175-Red-Rock-Way-94131/unit-208K/home/841215,San Francisco MLS,421591867,N,Y,37.745807,-122.442069
MLS Listing,,Single Family Residential,458 2nd Ave,San Francisco,CA,94118,1780000,4,2.0,San Francisco,1780,3000,1930,1,1000,,Active,,,http://www.redfin.com/CA/San-Francisco/458-2nd-Ave-94118/home/1155088,San Francisco MLS,421587129,N,Y,37.7800624,-122.4596723
MLS Listing,,Single Family Residential,323 21st Ave,San Francisco,CA,94121,2695000,5,4.0,San Francisco,2660,3000,1913,1,1013,,Active,September-11-2021 11:00 AM,September-11-2021 01:00 PM,http://www.redfin.com/CA/San-Francisco/323-21st-Ave-94121/home/1959510,San Francisco MLS,421592233,N,Y,37.7817289,-122.4807999
MLS Listing,,Multi-Family (5+ Unit),1200 Jackson St,San Francisco,CA,94109,6695000,0,,San Francisco,12693,4611,1908,1,527,,Active,,,http://www.redfin.com/CA/San-Francisco/1200-Jackson-St-94109/home/1845530,San Francisco MLS,421592228,N,Y,37.795085,-122.4151203
MLS Listing,,Single Family Residential,55 Retiro Way,San Francisco,CA,94123,3890000,6,3.0,San Francisco,3050,2874,1927,1,1275,,Active,September-11-2021 11:00 AM,September-11-2021 01:00 PM,http://www.redfin.com/CA/San-Francisco/55-Retiro-Way-94123/home/1995472,San Francisco MLS,421592230,N,Y,37.8050525,-122.4383163
MLS Listing,,Single Family Residential,201 Berkeley Way,San Francisco,CA,94131,2495000,4,2.5,San Francisco,2037,3898,1975,1,1225,,Active,September-11-2021 02:00 PM,September-11-2021 04:00 PM,http://www.redfin.com/CA/San-Francisco/201-Berkeley-Way-94131/home/1186707,San Francisco MLS,421590027,N,Y,37.7402018,-122.4396684
MLS Listing,,Condo/Co-op,508 Linden St #3,San Francisco,CA,94102,1395000,2,2.0,San Francisco,1150,1800,2001,1,1213,300,Active,September-11-2021 11:00 AM,September-11-2021 01:00 PM,http://www.redfin.com/CA/San-Francisco/508-Linden-St-94102/unit-3/home/1880922,San Francisco MLS,421592219,N,Y,37.7761204,-122.4264897
MLS Listing,,Condo/Co-op,150 Page St #310,San Francisco,CA,94102,599000,1,,San Francisco,552,7200,1929,1,1085,494,Active,September-8-2021 05:30 PM,September-8-2021 07:00 PM,http://www.redfin.com/CA/San-Francisco/150-Page-St-94102/unit-310/home/1699789,San Francisco MLS,421587892,N,Y,37.7741226,-122.423436
MLS Listing,,Single Family Residential,1674 35 th Ave,San Francisco,CA,94122,1968000,4,3.0,Sunset,2300,3000,1946,1,856,,Active,September-12-2021 12:00 PM,September-12-2021 02:00 PM,http://www.redfin.com/CA/San-Francisco/1674-35th-Ave-94122/home/637000,"bridgeMLS, Bay East AOR, or Contra Costa AOR",40966094,N,Y,37.7558494,-122.4935342
MLS Listing,,Condo/Co-op,1950 Gough St #307,San Francisco,CA,94109,850000,1,1.0,San Francisco,650,8284,1926,1,1308,517,Active,,,http://www.redfin.com/CA/San-Francisco/1950-Gough-St-94109/unit-307/home/1903424,BAREIS,421592185,N,Y,37.7915672,-122.425711
MLS Listing,,Condo/Co-op,2500 Steiner St #6,San Francisco,CA,94115,15500000,4,3.5,San Francisco,3500,,,1,4429,,Active,,,http://www.redfin.com/CA/San-Francisco/2500-Steiner-St-94115/unit-6/home/12401022,San Francisco MLS,421592057,N,Y,37.7924686,-122.4361061
MLS Listing,,Condo/Co-op,147 Fair Oaks St,San Francisco,CA,94110,795000,1,1.0,San Francisco,,3590,1900,1,,450,Active,September-11-2021 01:00 PM,September-11-2021 02:30 PM,http://www.redfin.com/CA/San-Francisco/147-Fair-Oaks-St-94110/home/148062127,San Francisco MLS,421590711,N,Y,37.754359,-122.4241091
MLS Listing,,Single Family Residential,143 Athens St,San Francisco,CA,94112,995000,3,2.0,San Francisco,,1873,1950,1,,,Active,September-11-2021 11:00 AM,September-11-2021 01:00 PM,http://www.redfin.com/CA/San-Francisco/143-Athens-St-94112/home/1735766,San Francisco MLS,421585453,N,Y,37.725577,-122.4253364
MLS Listing,,Single Family Residential,196 Ewing Ter,San Francisco,CA,94118,2595000,4,2.5,San Francisco,3320,4094,1940,1,782,,Active,September-11-2021 10:00 AM,September-11-2021 01:00 PM,http://www.redfin.com/CA/San-Francisco/196-Ewing-Ter-94118/home/1297203,San Francisco MLS,421592081,N,Y,37.7806168,-122.4490782
MLS Listing,,Multi-Family (5+ Unit),384 - 388 Capp St,San Francisco,CA,94110,2700000,0,,San Francisco,7200,4042,1907,1,375,,Active,,,http://www.redfin.com/CA/San-Francisco/384-Capp-St-94110/home/1726522,San Francisco MLS,421592133,N,Y,37.7605792,-122.4184598
MLS Listing,,Condo/Co-op,280 Spear St Unit 29B,San Francisco,CA,94105,1345000,1,1.0,San Francisco,797,47916,,1,1688,1119,Active,,,http://www.redfin.com/CA/San-Francisco/280-Spear-St-94105/unit-29B/home/176330203,San Francisco MLS,421592129,N,Y,37.7904356,-122.3918209
MLS Listing,,Condo/Co-op,4121 Cesar Chavez St #6,San Francisco,CA,94131,2285000,3,2.5,San Francisco,1894,5700,2008,1,1206,933,Active,,,http://www.redfin.com/CA/San-Francisco/4121-Cesar-Chavez-94131/unit-6/home/1440189,San Francisco MLS,421592089,N,Y,37.7471197,-122.4320692
MLS Listing,,Condo/Co-op,31 Camp St Unit A,San Francisco,CA,94110,1100000,2,1.0,San Francisco,955,3449,1909,1,1152,290,Active,,,http://www.redfin.com/CA/San-Francisco/31-Camp-St-94110/unit-A/home/12353486,San Francisco MLS,421590192,N,Y,37.763764,-122.423323
MLS Listing,,Single Family Residential,368 Vallejo St,San Francisco,CA,94133,1195000,1,1.5,San Francisco,902,657,1906,1,1325,,Active,September-11-2021 02:00 PM,September-11-2021 04:00 PM,http://www.redfin.com/CA/San-Francisco/368-Vallejo-St-94133/home/1391818,San Francisco MLS,421592123,N,Y,37.7993471,-122.4035318
MLS Listing,,Multi-Family (2-4 Unit),925 Burnett Ave,San Francisco,CA,94131,2898000,7,5.0,San Francisco,3842,2635,1971,1,754,,Active,September-9-2021 05:00 PM,September-9-2021 07:00 PM,http://www.redfin.com/CA/San-Francisco/925-Burnett-Ave-94131/unit-3/home/679414,San Francisco MLS,421589818,N,Y,37.7482666,-122.4447997
MLS Listing,,Condo/Co-op,678 6th Ave,San Francisco,CA,94118,1195000,2,1.5,San Francisco,1200,3000,1908,1,996,228,Active,,,http://www.redfin.com/CA/San-Francisco/678-6th-Ave-94118/home/21966318,San Francisco MLS,421589931,N,Y,37.7757968,-122.4636748
MLS Listing,,Condo/Co-op,1203 Noe St,San Francisco,CA,94114,995000,2,1.0,San Francisco,1015,1218,1907,1,980,300,Active,September-9-2021 05:30 PM,September-9-2021 07:00 PM,http://www.redfin.com/CA/San-Francisco/1203-Noe-St-94114/home/28935783,San Francisco MLS,421572160,N,Y,37.7497032,-122.4315814
MLS Listing,,Multi-Family (5+ Unit),2433 Polk St,San Francisco,CA,94109,4900000,0,,San Francisco,5883,2527,1912,1,833,,Active,,,http://www.redfin.com/CA/San-Francisco/2433-Polk-St-94109/home/1586973,San Francisco MLS,421592080,N,Y,37.7991723,-122.422755
MLS Listing,,Condo/Co-op,50 Lansing St #111,San Francisco,CA,94105,799000,1,1.5,San Francisco,677,20082,2006,1,1180,783,Active,September-11-2021 02:00 PM,September-11-2021 04:00 PM,http://www.redfin.com/CA/San-Francisco/50-Lansing-St-94105/unit-111/home/22885855,San Francisco MLS,421592088,N,Y,37.786127,-122.3942141
MLS Listing,,Single Family Residential,667 36th Ave,San Francisco,CA,94121,2395000,4,3.0,San Francisco,2971,2996,1929,1,806,,Active,September-8-2021 06:00 PM,September-8-2021 07:00 PM,http://www.redfin.com/CA/San-Francisco/667-36th-Ave-94121/home/619649,San Francisco MLS,421591645,N,Y,37.7763758,-122.4966373
MLS Listing,,Condo/Co-op,2212 23rd St Unit A,San Francisco,CA,94107,895000,2,1.0,San Francisco,808,2500,,1,1108,150,Active,,,http://www.redfin.com/CA/San-Francisco/2212-23rd-St-94107/unit-A/home/176328706,San Francisco MLS,421583333,N,Y,37.754771,-122.402053
MLS Listing,,Single Family Residential,1751 Lake St,San Francisco,CA,94121,7385000,6,5.0,San Francisco,6027,2340,2001,1,1225,,Active,,,http://www.redfin.com/CA/San-Francisco/1751-Lake-St-94121/home/11743512,San Francisco MLS,421592032,N,Y,37.785884,-122.4785447
MLS Listing,,Multi-Family (2-4 Unit),315 Grand View Ave,San Francisco,CA,94114,2800000,8,5.0,San Francisco,5084,3167,1971,1,551,,Active,,,http://www.redfin.com/CA/San-Francisco/315-Grand-View-Ave-94114/home/1884400,San Francisco MLS,421591851,N,Y,37.7529843,-122.4419908
MLS Listing,,Single Family Residential,3498 Jackson St,San Francisco,CA,94118,12900000,5,7.5,San Francisco,6385,4057,1937,1,2020,,Active,,,http://www.redfin.com/CA/San-Francisco/3498-Jackson-St-94118/home/585004,San Francisco MLS,421590895,N,Y,37.7904528,-122.4523634
MLS Listing,,Condo/Co-op,1530 Mcallister St #1,San Francisco,CA,94115,995000,2,1.0,San Francisco,,3438,1915,1,,501,Active,September-11-2021 11:00 AM,September-11-2021 01:00 PM,http://www.redfin.com/CA/San-Francisco/1530-McAllister-St-94115/unit-1/home/176327230,San Francisco MLS,421583578,N,Y,37.7780925,-122.4372984
MLS Listing,,Multi-Family (2-4 Unit),2037 - 2039 Greenwich St,San Francisco,CA,94123,2495000,4,2.0,San Francisco,2538,1990,1924,1,983,,Active,September-9-2021 04:00 PM,September-9-2021 05:00 PM,http://www.redfin.com/CA/San-Francisco/2037-Greenwich-St-94123/home/1846063,San Francisco MLS,421589324,N,Y,37.7991022,-122.4332335
MLS Listing,,Condo/Co-op,219 Brannan St Unit 6B,San Francisco,CA,94107,895000,1,1.0,San Francisco,723,82966,2000,1,1238,1165,Active,,,http://www.redfin.com/CA/San-Francisco/219-Brannan-St-94107/unit-6B/home/2038088,San Francisco MLS,421591845,N,Y,37.7830623,-122.3901122
MLS Listing,,Condo/Co-op,1 Baker St Unit 2A,San Francisco,CA,94117,1195000,2,2.0,San Francisco,1337,12998,1982,1,894,855,Active,September-11-2021 12:00 PM,September-11-2021 02:00 PM,http://www.redfin.com/CA/San-Francisco/1-Baker-St-94117/unit-2A/home/1992116,San Francisco MLS,421591858,N,Y,37.770968,-122.4407319
MLS Listing,,Single Family Residential,2511 Broadway St,San Francisco,CA,94115,9500000,6,4.5,San Francisco,,5601,1900,1,,,Active,,,http://www.redfin.com/CA/San-Francisco/2511-Broadway-94115/home/567018,San Francisco MLS,421590228,N,Y,37.7935544,-122.4387837
MLS Listing,,Condo/Co-op,1995 Turk St #4,San Francisco,CA,94115,1124000,2,1.0,San Francisco,1050,2500,1927,1,1070,252,Active,,,http://www.redfin.com/CA/San-Francisco/1995-Turk-St-94115/unit-4/home/40156607,San Francisco MLS,421591344,N,Y,37.7791675,-122.4417241
MLS Listing,,Condo/Co-op,401 Harrison St Unit 32F,San Francisco,CA,94105,1550000,1,1.0,San Francisco,830,,2014,1,1867,1293,Active,,,http://www.redfin.com/CA/San-Francisco/401-Harrison-St-94105/unit-32F/home/144064280,San Francisco MLS,421591320,N,Y,37.7864989,-122.3921487
MLS Listing,,Condo/Co-op,1250 Jones St #902,San Francisco,CA,94109,1295000,1,1.0,San Francisco,1115,10278,1929,1,1161,788,Active,,,http://www.redfin.com/CA/San-Francisco/1250-Jones-St-94109/unit-902/home/1161375,San Francisco MLS,421590636,N,Y,37.7931289,-122.4142244
MLS Listing,,Condo/Co-op,5871 Mission St #10,San Francisco,CA,94112,589000,2,1.0,San Francisco,,8449,1982,1,,188,Active,September-11-2021 11:00 AM,September-11-2021 01:00 PM,http://www.redfin.com/CA/San-Francisco/5871-5873-Mission-St-94112/unit-10/home/147068681,San Francisco MLS,421590609,N,Y,37.7087277,-122.4516714
MLS Listing,,Single Family Residential,2945 Lincoln Way,San Francisco,CA,94122,1995000,4,3.5,San Francisco,2940,2925,1924,1,679,,Active,September-11-2021 10:00 AM,September-11-2021 12:00 PM,http://www.redfin.com/CA/San-Francisco/2945-Lincoln-Way-94122/home/1652180,San Francisco MLS,421573129,N,Y,37.7647211,-122.4898644
MLS Listing,,Condo/Co-op,260 King St #651,San Francisco,CA,94107,1050000,2,2.0,San Francisco,1073,213232,2004,1,979,945,Active,,,http://www.redfin.com/CA/San-Francisco/260-King-St-94107/unit-651/home/12331127,San Francisco MLS,421585981,N,Y,37.7776624,-122.3938672
MLS Listing,,Single Family Residential,2542 Great Hwy,San Francisco,CA,94116,1995000,3,3.0,San Francisco,1749,3000,1941,1,1141,,Active,September-9-2021 05:30 PM,September-9-2021 07:00 PM,http://www.redfin.com/CA/San-Francisco/2542-Great-Hwy-94116/home/1351263,San Francisco MLS,421580632,N,Y,37.7389949,-122.5063617
MLS Listing,,Condo/Co-op,260 King St #469,San Francisco,CA,94107,1149000,1,1.0,San Francisco,,213232,2004,1,,812,Active,,,http://www.redfin.com/CA/San-Francisco/260-King-St-94107/unit-469/home/8191072,San Francisco MLS,421568444,N,Y,37.7776624,-122.3938672
MLS Listing,,Single Family Residential,1642 Great Hwy,San Francisco,CA,94116,3995000,5,2.5,San Francisco,,3000,1909,1,,,Active,,,http://www.redfin.com/CA/San-Francisco/1642-Great-Hwy-94122/home/1485113,San Francisco MLS,421534585,N,Y,37.755766,-122.508493
MLS Listing,,Condo/Co-op,1433 Bush St #202,San Francisco,CA,94109,579000,0,1.0,San Francisco,391,,2019,2,1481,515,Active,September-12-2021 12:00 PM,September-12-2021 02:00 PM,http://www.redfin.com/CA/San-Francisco/1433-Bush-St-94109/unit-202/home/168913162,San Francisco MLS,421591927,N,Y,37.7885311,-122.420976
MLS Listing,,Condo/Co-op,1301 Indiana St #104,San Francisco,CA,94107,1495000,3,2.5,San Francisco,1535,20897,2012,2,974,577,Active,September-8-2021 02:00 PM,September-8-2021 03:30 PM,http://www.redfin.com/CA/San-Francisco/1301-Indiana-St-94107/unit-104/home/52055534,San Francisco MLS,421591695,N,Y,37.7539931,-122.3906892
MLS Listing,,Condo/Co-op,1945 California St,San Francisco,CA,94109,2695000,4,3.5,San Francisco,2602,4308,1941,2,1036,400,Active,September-11-2021 02:00 PM,September-11-2021 04:00 PM,http://www.redfin.com/CA/San-Francisco/1945-California-St-94109/home/1391439,San Francisco MLS,421591938,N,Y,37.7895587,-122.4263029
MLS Listing,,Multi-Family (2-4 Unit),253 - 255 5th Ave,San Francisco,CA,94118,1750000,7,2.0,San Francisco,3312,3000,1904,2,528,,Active,,,http://www.redfin.com/CA/San-Francisco/253-5th-Ave-94118/home/1402827,San Francisco MLS,421591948,N,Y,37.783807,-122.4637388
MLS Listing,,Condo/Co-op,11 Franklin St #302,San Francisco,CA,94102,695000,1,1.0,San Francisco,,6605,2016,2,,642,Active,September-12-2021 11:00 AM,September-12-2021 01:00 PM,http://www.redfin.com/CA/San-Francisco/11-Franklin-St-94102/unit-302/home/144064037,San Francisco MLS,421583253,N,Y,37.7744473,-122.4211097
MLS Listing,,Condo/Co-op,401 Harrison St Unit 10B,San Francisco,CA,94105,1575000,2,2.0,San Francisco,1312,,2014,2,1200,1438,Active,,,http://www.redfin.com/CA/San-Francisco/401-Harrison-St-94105/unit-10B/home/109688258,San Francisco MLS,421591899,N,Y,37.7864989,-122.3921487
MLS Listing,,Single Family Residential,125 Downey St,San Francisco,CA,94117,2695000,3,3.5,San Francisco,2053,1400,1900,2,1313,,Active,September-12-2021 02:00 PM,September-12-2021 04:00 PM,http://www.redfin.com/CA/San-Francisco/125-Downey-St-94117/home/598911,San Francisco MLS,421589484,N,Y,37.7665767,-122.4472656
MLS Listing,,Condo/Co-op,25 Sierra St Unit W605,San Francisco,CA,94107,1595000,3,2.5,San Francisco,2032,,2006,2,785,962,Active,,,http://www.redfin.com/CA/San-Francisco/25-Sierra-St-94107/unit-W605/home/176324970,San Francisco MLS,421590182,N,Y,37.7581553,-122.3956945
MLS Listing,,Single Family Residential,1125 Hampshire St,San Francisco,CA,94110,1195000,2,1.0,San Francisco,975,2495,1900,2,1226,,Active,September-11-2021 11:00 AM,September-11-2021 01:00 PM,http://www.redfin.com/CA/San-Francisco/1125-Hampshire-St-94110/home/736418,San Francisco MLS,421590968,N,Y,37.7535921,-122.407092
MLS Listing,,Condo/Co-op,1450 19th Ave,San Francisco,CA,94122,1299000,5,3.0,San Francisco,2169,,2000,2,599,160,Active,September-11-2021 02:00 PM,September-11-2021 04:30 PM,http://www.redfin.com/CA/San-Francisco/1450-19th-Ave-94122/unit-1/home/1143761,"bridgeMLS, Bay East AOR, or Contra Costa AOR",40965989,N,Y,37.760751,-122.476566
MLS Listing,,Single Family Residential,234 Brentwood Ave,San Francisco,CA,94127,1695000,3,2.0,San Francisco,1634,4721,1948,2,1037,2,Active,September-9-2021 05:30 PM,September-9-2021 07:00 PM,http://www.redfin.com/CA/San-Francisco/234-Brentwood-Ave-94127/home/695593,San Francisco MLS,421590232,N,Y,37.7331453,-122.4595728
MLS Listing,,Condo/Co-op,155 Central Ave,San Francisco,CA,94117,1425000,3,1.5,San Francisco,1660,2325,,2,858,303,Active,September-11-2021 01:00 PM,September-11-2021 04:00 PM,http://www.redfin.com/CA/San-Francisco/155-Central-Ave-94117/home/599876,San Francisco MLS,421587694,N,Y,37.771128,-122.444074
MLS Listing,,Condo/Co-op,540 De Haro St #401,San Francisco,CA,94107,2495000,2,2.0,San Francisco,,,2020,2,,533,Active,September-12-2021 11:00 AM,September-12-2021 01:00 PM,http://www.redfin.com/CA/San-Francisco/540-De-Haro-St-94107/unit-401/home/176324923,San Francisco MLS,421583979,N,Y,37.7629396,-122.4016609
MLS Listing,,Single Family Residential,3977 20th St,San Francisco,CA,94114,2995000,3,2.5,San Francisco,2511,2850,1928,2,1193,,Active,September-11-2021 12:00 PM,September-11-2021 02:00 PM,http://www.redfin.com/CA/San-Francisco/3977-20th-St-94114/home/1985698,San Francisco MLS,421573440,N,Y,37.7578025,-122.429748
MLS Listing,,Condo/Co-op,51 Elgin Park,San Francisco,CA,94103,1795000,3,3.0,San Francisco,1750,2040,1991,2,1026,392,Active,September-9-2021 05:00 PM,September-9-2021 06:00 PM,http://www.redfin.com/CA/San-Francisco/51-Elgin-Park-94103/home/173336577,San Francisco MLS,421584010,N,Y,37.7706727,-122.4230343
MLS Listing,,Single Family Residential,357 29th Ave,San Francisco,CA,94121,2400000,3,3.0,San Francisco,1940,3000,1912,2,1237,,Active,September-8-2021 12:00 PM,September-8-2021 02:00 PM,http://www.redfin.com/CA/San-Francisco/357-29th-Ave-94121/home/607776,San Francisco MLS,421589724,N,Y,37.7826459,-122.4894303
MLS Listing,,Condo/Co-op,486 15th Ave,San Francisco,CA,94118,1295000,2,1.0,San Francisco,1453,1994,1921,2,891,400,Active,,,http://www.redfin.com/CA/San-Francisco/486-15th-Ave-94118/home/69371314,San Francisco MLS,421591880,N,Y,37.7789829,-122.473608
MLS Listing,,Condo/Co-op,2600 18th St #6,San Francisco,CA,94110,895000,1,1.5,San Francisco,886,10320,1999,2,1010,470,Active,September-11-2021 10:00 AM,September-11-2021 12:00 PM,http://www.redfin.com/CA/San-Francisco/2600-18th-St-94110/unit-6/home/858722,San Francisco MLS,421591840,N,Y,37.7621059,-122.4084551
MLS Listing,,Condo/Co-op,2675 California St,San Francisco,CA,94115,2525000,3,2.0,San Francisco,2210,3448,1900,2,1143,300,Active,September-9-2021 04:30 PM,September-9-2021 06:00 PM,http://www.redfin.com/CA/San-Francisco/2675-California-St-94115/home/1188469,San Francisco MLS,421591670,N,Y,37.788035,-122.438253
MLS Listing,,Condo/Co-op,2540 Hyde St,San Francisco,CA,94109,1695000,3,1.5,San Francisco,1595,9182,1908,2,1063,430,Active,,,http://www.redfin.com/CA/San-Francisco/2540-Hyde-St-94109/home/1746434,San Francisco MLS,421591418,N,Y,37.8044588,-122.4200102
MLS Listing,,Single Family Residential,2675 15th Ave,San Francisco,CA,94127,2795000,4,3.5,San Francisco,2455,3184,1933,2,1138,,Active,September-8-2021 05:00 PM,September-8-2021 06:00 PM,http://www.redfin.com/CA/San-Francisco/2675-15th-Ave-94127/home/1965171,San Francisco MLS,421580838,N,Y,37.738122,-122.47134
MLS Listing,,Condo/Co-op,304 Sanchez St,San Francisco,CA,94114,1045000,2,1.0,San Francisco,905,2130,1903,2,1155,500,Active,September-12-2021 02:00 PM,September-12-2021 04:00 PM,http://www.redfin.com/CA/San-Francisco/304-Sanchez-St-94114/home/55244558,San Francisco MLS,421590945,N,Y,37.7642232,-122.43106
MLS Listing,,Single Family Residential,160 St Germain Ave,San Francisco,CA,94114,4885000,4,3.5,San Francisco,3065,4996,1941,2,1594,,Active,September-9-2021 05:00 PM,September-9-2021 06:00 PM,http://www.redfin.com/CA/San-Francisco/160-St-Germain-Ave-94114/home/1360815,San Francisco MLS,421580836,N,Y,37.7575691,-122.4513461
MLS Listing,,Condo/Co-op,617 Broderick St Unit B,San Francisco,CA,94117,2195000,4,4.0,San Francisco,2420,2500,1904,2,907,166,Active,September-12-2021 02:00 PM,September-12-2021 04:00 PM,http://www.redfin.com/CA/San-Francisco/617-Broderick-St-94117/unit-B/home/1999608,San Francisco MLS,421586584,N,Y,37.7759379,-122.439995
MLS Listing,,Condo/Co-op,244 15th Ave,San Francisco,CA,94118,1595000,3,2.0,San Francisco,1680,2406,1921,2,949,400,Active,September-8-2021 05:00 PM,September-8-2021 06:30 PM,http://www.redfin.com/CA/San-Francisco/244-15th-Ave-94118/home/28939088,San Francisco MLS,421590579,N,Y,37.7835611,-122.473954
MLS Listing,,Condo/Co-op,2390 Hyde St Unit 1B,San Francisco,CA,94109,2300000,2,2.0,San Francisco,1446,5936,1979,2,1591,759,Active,September-9-2021 05:00 PM,September-9-2021 06:30 PM,http://www.redfin.com/CA/San-Francisco/2390-Hyde-St-94133/unit-1B/home/114068597,San Francisco MLS,421590040,N,Y,37.8028345,-122.4196275
MLS Listing,,Condo/Co-op,3134 Scott St,San Francisco,CA,94123,1200000,2,1.0,San Francisco,1172,,1912,2,1024,340,Active,September-9-2021 06:30 PM,September-9-2021 07:30 PM,http://www.redfin.com/CA/San-Francisco/3134-Scott-St-94123/home/58214668,San Francisco MLS,421591434,N,Y,37.7988761,-122.44065
MLS Listing,,Single Family Residential,411 Banks St,San Francisco,CA,94110,1450000,4,2.0,San Francisco,1900,1751,1900,2,763,,Active,September-11-2021 10:00 AM,September-11-2021 12:00 PM,http://www.redfin.com/CA/San-Francisco/411-Banks-St-94110/home/761218,San Francisco MLS,421563896,N,Y,37.7379008,-122.4126034
MLS Listing,,Multi-Family (2-4 Unit),2125 18th St,San Francisco,CA,94107,1495000,5,3.0,San Francisco,2462,2000,1900,2,607,,Active,September-11-2021 11:00 AM,September-11-2021 01:00 PM,http://www.redfin.com/CA/San-Francisco/2125-18th-St-94107/home/1976458,San Francisco MLS,421588538,N,Y,37.7619664,-122.4038209
MLS Listing,,Single Family Residential,52 Yukon St,San Francisco,CA,94114,3150000,4,4.0,San Francisco,2938,2286,1906,2,1072,,Active,September-11-2021 02:00 PM,September-11-2021 04:00 PM,http://www.redfin.com/CA/San-Francisco/52-Yukon-St-94114/home/1992967,San Francisco MLS,421590683,N,Y,37.7587883,-122.4423692
MLS Listing,,Condo/Co-op,1880 Bush St,San Francisco,CA,94109,1095000,2,2.0,San Francisco,1154,1903,1900,2,949,395,Active,,,http://www.redfin.com/CA/San-Francisco/1880-Bush-St-94109/home/21966514,San Francisco MLS,421591368,N,Y,37.7878212,-122.4282761
MLS Listing,,Single Family Residential,2013 17th St,San Francisco,CA,94103,1150000,1,1.0,San Francisco,990,2308,1907,2,1162,,Active,September-11-2021 11:00 AM,September-11-2021 01:00 PM,http://www.redfin.com/CA/San-Francisco/2013-17th-St-94103/home/729298,San Francisco MLS,421591060,N,Y,37.7645297,-122.4039829
MLS Listing,,Single Family Residential,275 - 277 Maynard St,San Francisco,CA,94112,1095000,3,2.0,San Francisco,1672,2748,1925,2,655,,Active,September-9-2021 05:30 PM,September-9-2021 06:30 PM,http://www.redfin.com/CA/San-Francisco/275-Maynard-St-94112/home/771004,San Francisco MLS,421579326,N,Y,37.7297037,-122.4243602
MLS Listing,,Single Family Residential,34 Otsego Ave,San Francisco,CA,94112,1095000,3,1.0,San Francisco,1395,3140,1924,2,785,,Active,September-11-2021 02:00 PM,September-11-2021 04:00 PM,http://www.redfin.com/CA/San-Francisco/34-Otsego-Ave-94112/home/697153,San Francisco MLS,421590890,N,Y,37.7268468,-122.4393214
MLS Listing,,Condo/Co-op,1800 Bryant St #113,San Francisco,CA,94110,899000,1,2.0,San Francisco,1124,14972,2000,2,800,572,Active,September-11-2021 11:00 AM,September-11-2021 01:00 PM,http://www.redfin.com/CA/San-Francisco/1800-Bryant-St-94110/unit-113/home/856391,San Francisco MLS,421590939,N,Y,37.7641196,-122.4108749
MLS Listing,,Condo/Co-op,4101 21st St,San Francisco,CA,94114,1195000,2,1.0,San Francisco,1142,1381,1924,2,1046,,Active,September-9-2021 05:30 PM,September-9-2021 07:00 PM,http://www.redfin.com/CA/San-Francisco/4101-21st-St-94114/home/11530349,San Francisco MLS,421588309,N,Y,37.7557816,-122.4369232
MLS Listing,,Condo/Co-op,55 28th St,San Francisco,CA,94110,1495000,4,1.5,San Francisco,1420,2946,1909,2,1053,,Active,September-11-2021 01:00 PM,September-11-2021 03:00 PM,http://www.redfin.com/CA/San-Francisco/55-28th-St-94110/home/40138686,San Francisco MLS,421590113,N,Y,37.7453977,-122.4233244
MLS Listing,,Single Family Residential,459 Ashbury St,San Francisco,CA,94117,4995000,5,5.5,San Francisco,4270,2656,1893,2,1170,,Active,,,http://www.redfin.com/CA/San-Francisco/459-Ashbury-St-94117/home/1804635,San Francisco MLS,421587163,N,Y,37.771115,-122.4473652
MLS Listing,,Condo/Co-op,2040 Franklin St #602,San Francisco,CA,94109,865000,1,1.0,San Francisco,800,14332,1966,2,1081,894,Active,September-12-2021 11:00 AM,September-12-2021 01:00 PM,http://www.redfin.com/CA/San-Francisco/2040-Franklin-St-94109/unit-602/home/1947984,San Francisco MLS,421588008,N,Y,37.7935385,-122.4243837
MLS Listing,,Condo/Co-op,350 Broderick St #211,San Francisco,CA,94117,1350000,2,2.0,San Francisco,1050,49213,2007,2,1286,,Active,,,http://www.redfin.com/CA/San-Francisco/350-Broderick-St-94117/unit-211/home/22893780,San Francisco MLS,421578951,N,Y,37.773385,-122.4390991
MLS Listing,,Condo/Co-op,720 York St #216,San Francisco,CA,94110,649000,1,1.0,San Francisco,557,21729,1999,3,1165,490,Active,,,http://www.redfin.com/CA/San-Francisco/720-York-St-94110/unit-216/home/1429928,San Francisco MLS,421589684,N,Y,37.7599041,-122.4091837
MLS Listing,,Condo/Co-op,257 Central Ave,San Francisco,CA,94117,995000,2,1.0,San Francisco,1149,,1908,3,866,,Active,September-11-2021 01:00 PM,September-11-2021 04:00 PM,http://www.redfin.com/CA/San-Francisco/257-Central-Ave-94117/home/599436,San Francisco MLS,421591750,N,Y,37.7720961,-122.4441792
MLS Listing,,Condo/Co-op,184 Locksley Ave #3,San Francisco,CA,94122,690000,1,1.0,San Francisco,,5797,1964,3,,350,Active,September-11-2021 11:00 AM,September-11-2021 01:00 PM,http://www.redfin.com/CA/San-Francisco/184-Locksley-Ave-94122/unit-3/home/170557967,San Francisco MLS,421589273,N,Y,37.7569137,-122.4626023
MLS Listing,,Condo/Co-op,8 Buchanan St #200,San Francisco,CA,94102,999000,2,2.0,San Francisco,,21140,2014,3,,644,Active,September-12-2021 02:00 PM,September-12-2021 04:00 PM,http://www.redfin.com/CA/San-Francisco/8-Buchanan-St-94102/unit-200/home/110051315,San Francisco MLS,421591769,N,Y,37.7699896,-122.426517
MLS Listing,,Condo/Co-op,1034 Chestnut St,San Francisco,CA,94109,3500000,3,2.0,San Francisco,,3743,1940,3,,413,Active,,,http://www.redfin.com/CA/San-Francisco/1034-Chestnut-St-94109/home/1215964,San Francisco MLS,421588888,N,Y,37.80312,-122.420515
MLS Listing,,Single Family Residential,427 Flood Ave,San Francisco,CA,94112,1295000,3,1.0,San Francisco,1304,3375,1922,3,993,,Active,September-11-2021 02:00 PM,September-11-2021 04:00 PM,http://www.redfin.com/CA/San-Francisco/427-Flood-Ave-94112/home/693481,San Francisco MLS,421588345,N,Y,37.72967,-122.4495105
MLS Listing,,Single Family Residential,21 Douglass St,San Francisco,CA,94114,1495000,2,1.0,San Francisco,973,2548,1950,4,1536,,Active,September-8-2021 06:00 PM,September-8-2021 07:00 PM,http://www.redfin.com/CA/San-Francisco/21-Douglass-St-94114/home/1710209,San Francisco MLS,421587859,N,Y,37.7632177,-122.439403
MLS Listing,,Multi-Family (2-4 Unit),1496 SILVER Ave,San Francisco,CA,94134,1490000,6,3.5,San Francisco,2720,1796,1977,4,548,,Active,,,http://www.redfin.com/CA/San-Francisco/1496-Silver-Ave-94134/home/769879,MLSListings,ML81861324,N,Y,37.7319465,-122.4066589
MLS Listing,,Condo/Co-op,338 Main St Unit 8H,SAN FRANCISCO,CA,94105,1149000,1,1.0,SAN FRANCISCO,854,,2016,4,1345,1122,Active,September-12-2021 02:00 PM,September-12-2021 04:00 PM,http://www.redfin.com/CA/San-Francisco/338-Main-St-94105/unit-8H/home/109315451,MLSListings,ML81861314,N,Y,37.7886733,-122.3914178
MLS Listing,,Condo/Co-op,2130 Leavenworth St #2,San Francisco,CA,94133,550000,1,1.0,San Francisco,,5156,1924,4,,510,Active,September-9-2021 03:00 PM,September-9-2021 04:00 PM,http://www.redfin.com/CA/San-Francisco/2130-Leavenworth-St-94133/unit-2/home/1560803,San Francisco MLS,421591655,N,Y,37.8008363,-122.4173658
MLS Listing,,Condo/Co-op,1177 California St #1002,San Francisco,CA,94108,599000,1,1.0,San Francisco,511,31662,1978,5,1172,1002,Active,,,http://www.redfin.com/CA/San-Francisco/1177-California-St-94108/unit-1002/home/548001,San Francisco MLS,421590715,N,Y,37.7913209,-122.4137552
MLS Listing,,Single Family Residential,1425 7th Ave,San Francisco,CA,94122,1925000,5,2.0,San Francisco,2294,3000,1910,5,839,,Active,September-12-2021 02:00 PM,September-12-2021 04:00 PM,http://www.redfin.com/CA/San-Francisco/1425-7th-Ave-94122/home/2000109,San Francisco MLS,421587543,N,Y,37.7617205,-122.4642166
MLS Listing,,Condo/Co-op,4358 23rd St,San Francisco,CA,94114,1295000,3,1.0,San Francisco,,,1906,5,,366,Active,September-9-2021 05:00 PM,September-9-2021 07:00 PM,http://www.redfin.com/CA/San-Francisco/4358-23rd-St-94114/home/1648428,San Francisco MLS,421590634,N,Y,37.7527959,-122.43992
MLS Listing,,Condo/Co-op,1335 Union St #1,San Francisco,CA,94109,799000,1,1.0,San Francisco,926,6500,1923,5,863,425,Active,September-12-2021 01:00 PM,September-12-2021 03:00 PM,http://www.redfin.com/CA/San-Francisco/1335-Union-St-94109/unit-1/home/176312546,San Francisco MLS,421591461,N,Y,37.7984775,-122.4213208
MLS Listing,,Single Family Residential,24 Edith St,San Francisco,CA,94133,2995000,3,3.0,San Francisco,2620,1306,1907,5,1143,,Active,,,http://www.redfin.com/CA/San-Francisco/24-Edith-St-94133/home/1545210,San Francisco MLS,421588124,N,Y,37.8029214,-122.4085027
MLS Listing,,Multi-Family (5+ Unit),700 Page St,San Francisco,CA,94117,5700000,0,,San Francisco,7926,2560,1912,5,719,,Active,,,http://www.redfin.com/CA/San-Francisco/700-Page-St-94117/home/941479,San Francisco MLS,421591470,N,Y,37.773012,-122.432491
MLS Listing,,Single Family Residential,2478 36th Ave,San Francisco,CA,94116,1495000,3,1.5,San Francisco,1855,3000,1912,5,806,,Active,September-12-2021 01:00 PM,September-12-2021 04:00 PM,http://www.redfin.com/CA/San-Francisco/2478-36th-Ave-94116/home/660772,San Francisco MLS,421586743,N,Y,37.7408297,-122.493577
MLS Listing,,Single Family Residential,1362 23rd Ave,San Francisco,CA,94122,1495000,4,1.5,San Francisco,1579,3000,1923,5,947,,Active,,,http://www.redfin.com/CA/San-Francisco/1362-23rd-Ave-94122/home/1724752,San Francisco MLS,421586744,N,Y,37.7622237,-122.4810652
MLS Listing,,Condo/Co-op,1221 Harrison St #21,San Francisco,CA,94103,1090000,1,2.0,Mission,1404,,2004,5,776,756,Active,,,http://www.redfin.com/CA/San-Francisco/1221-Harrison-St-94103/unit-21/home/1196987,"bridgeMLS, Bay East AOR, or Contra Costa AOR",40965812,N,Y,37.7731279,-122.4087672
MLS Listing,,Single Family Residential,540 Texas St,San Francisco,CA,94107,2159000,3,3.5,San Francisco,1852,2495,1926,5,1166,,Active,,,http://www.redfin.com/CA/San-Francisco/540-Texas-St-94107/home/1184446,San Francisco MLS,421590825,N,Y,37.7594735,-122.3955114
MLS Listing,,Multi-Family (5+ Unit),1000 Union St,San Francisco,CA,94133,16500000,0,,San Francisco,24535,6188,1913,5,673,,Active,,,http://www.redfin.com/CA/San-Francisco/1000-Union-St-94133/home/2020643,San Francisco MLS,421590940,N,Y,37.799967,-122.4160657
MLS Listing,,Condo/Co-op,3014 26th St,San Francisco,CA,94110,1495000,3,2.0,San Francisco,1200,1624,1900,5,1246,300,Active,September-11-2021 12:00 PM,September-11-2021 02:00 PM,http://www.redfin.com/CA/San-Francisco/3014-26th-St-94110/home/12445008,San Francisco MLS,421581472,N,Y,37.7496429,-122.4102226
MLS Listing,,Single Family Residential,345 Allison St,SAN FRANCISCO,CA,94112,993000,4,2.0,SAN FRANCISCO,1722,2996,1949,5,577,,Active,September-9-2021 05:00 PM,September-9-2021 07:00 PM,http://www.redfin.com/CA/San-Francisco/345-Allison-St-94112/home/1248934,MLSListings,ML81861187,N,Y,37.7107016,-122.440697
MLS Listing,,Condo/Co-op,1310 Fillmore St #1105,San Francisco,CA,94115,898000,1,1.0,San Francisco,749,52938,2007,5,1199,832,Active,September-8-2021 06:00 PM,September-8-2021 07:00 PM,http://www.redfin.com/CA/San-Francisco/1310-Fillmore-St-94115/unit-1105/home/17305236,BAREIS,421591346,N,Y,37.7816647,-122.4321387
MLS Listing,,Condo/Co-op,2015 Buchanan St,San Francisco,CA,94115,1499000,3,2.0,San Francisco,1222,2152,1890,5,1227,,Active,,,http://www.redfin.com/CA/San-Francisco/2015-Buchanan-St-94115/home/845619,San Francisco MLS,421590941,N,Y,37.788915,-122.430731
MLS Listing,,Condo/Co-op,272 Topaz Way,San Francisco,CA,94131,1500000,3,2.5,San Francisco,1875,799,1976,5,800,465,Active,,,http://www.redfin.com/CA/San-Francisco/272-Topaz-Way-94131/home/842128,San Francisco MLS,421591314,N,Y,37.7404747,-122.4382971
MLS Listing,,Condo/Co-op,65 Ora Way Unit C207,San Francisco,CA,94131,379208,1,1.0,San Francisco,684,7397,1975,5,554,655,Active,,,http://www.redfin.com/CA/San-Francisco/65-Ora-Way-94131/unit-C207/home/1615584,San Francisco MLS,421583821,N,Y,37.7411447,-122.4373902
MLS Listing,,Condo/Co-op,1108 Shotwell St Unit A,San Francisco,CA,94110,849000,1,1.0,San Francisco,,2427,,5,,197,Active,,,http://www.redfin.com/CA/San-Francisco/1108-Shotwell-St-94110/unit-A/home/148072115,San Francisco MLS,421568884,N,Y,37.7506393,-122.4151335
MLS Listing,,Single Family Residential,524 Oak St,San Francisco,CA,94102,2690000,5,3.5,San Francisco,,2950,,5,,,Active,,,http://www.redfin.com/CA/San-Francisco/524-Oak-St-94102/home/1507381,San Francisco MLS,421572962,N,Y,37.7744976,-122.4287416
MLS Listing,,Condo/Co-op,3814 Cesar Chavez St,San Francisco,CA,94131,1395000,2,,San Francisco,1191,1790,1917,5,1171,250,Active,September-9-2021 05:30 PM,September-9-2021 07:00 PM,http://www.redfin.com/CA/San-Francisco/3814-Cesar-Chavez-94131/home/1066029,BAREIS,421586615,N,Y,37.7479597,-122.4253199
MLS Listing,,Condo/Co-op,250 26th Ave,San Francisco,CA,94121,1795000,4,2.0,San Francisco,1780,2999,1911,5,1008,445,Active,,,http://www.redfin.com/CA/San-Francisco/250-26th-Ave-94121/home/109464654,San Francisco MLS,421591279,N,Y,37.7847448,-122.4858878
MLS Listing,,Condo/Co-op,88 Townsend St #101,SAN FRANCISCO,CA,94107,949000,1,1.0,SAN FRANCISCO,838,,2004,5,1132,625,Active,,,http://www.redfin.com/CA/San-Francisco/88-Townsend-St-94102/unit-101/home/12401548,MLSListings,ML81861131,N,Y,37.7811985,-122.3906654
MLS Listing,,Single Family Residential,1423 York St,San Francisco,CA,94110,1195000,3,2.0,San Francisco,1530,2500,1923,5,781,,Active,September-8-2021 05:30 PM,September-8-2021 07:00 PM,http://www.redfin.com/CA/San-Francisco/1423-York-St-94110/home/1997396,San Francisco MLS,421591076,N,Y,37.7493608,-122.4076697
MLS Listing,,Vacant Land,1000 Broadway St,San Francisco,CA,94133,13000000,0,,San Francisco,,5418,,5,,,Active,,,http://www.redfin.com/CA/San-Francisco/1000-Broadway-94133/home/49537203,San Francisco MLS,421590730,N,Y,37.7971561,-122.4137494
MLS Listing,,Multi-Family (2-4 Unit),616 - 618 Lombard St,San Francisco,CA,94133,2290000,5,,San Francisco,2636,2025,1909,5,869,,Active,,,http://www.redfin.com/CA/San-Francisco/616-Lombard-St-94133/home/543281,San Francisco MLS,421591210,N,Y,37.8031647,-122.411839
MLS Listing,,Condo/Co-op,1818 Broadway St #306,San Francisco,CA,94109,1085000,1,1.0,San Francisco,930,7740,1969,5,1167,532,Active,September-9-2021 05:30 PM,September-9-2021 07:00 PM,http://www.redfin.com/CA/San-Francisco/1818-Broadway-94109/unit-306/home/1475185,San Francisco MLS,421590677,N,Y,37.795417,-122.427632
MLS Listing,,Townhouse,201 Diamond Cove Ter,San Francisco,CA,94134,969000,3,3.5,San Francisco,1647,8665,,5,588,412,Active,,,http://www.redfin.com/CA/San-Francisco/201-Diamond-Cove-Ter-94134/home/52055621,San Francisco MLS,421590258,N,Y,37.7129501,-122.3939001
MLS Listing,,Single Family Residential,127 Ramsell St,San Francisco,CA,94132,899000,3,1.5,San Francisco,1293,2495,1941,5,695,,Active,September-9-2021 04:00 PM,September-9-2021 06:00 PM,http://www.redfin.com/CA/San-Francisco/127-Ramsell-St-94132/home/1398300,San Francisco MLS,421590235,N,Y,37.7130344,-122.4664721
MLS Listing,,Single Family Residential,2345 27th Ave,San Francisco,CA,94116,1188000,2,1.0,San Francisco,1380,3219,1926,5,861,,Active,September-11-2021 02:00 PM,September-11-2021 04:00 PM,http://www.redfin.com/CA/San-Francisco/2345-27th-Ave-94116/home/1725332,San Francisco MLS,421588358,N,Y,37.7436655,-122.4846464
MLS Listing,,Single Family Residential,212 Charter Oak Ave,San Francisco,CA,94124,799000,4,2.0,San Francisco,1505,1746,1945,5,531,,Active,September-12-2021 02:00 PM,September-12-2021 04:00 PM,http://www.redfin.com/CA/San-Francisco/212-Charter-Oak-Ave-94124/home/1016012,San Francisco MLS,421588179,N,Y,37.7340247,-122.4047607
MLS Listing,,Single Family Residential,453 Marietta Dr,San Francisco,CA,94127,1495000,3,2.0,San Francisco,1428,3384,1958,5,1047,,Active,,,http://www.redfin.com/CA/San-Francisco/453-Marietta-Dr-94127/home/1917076,San Francisco MLS,421591216,N,Y,37.7379322,-122.4450018
MLS Listing,,Condo/Co-op,1050 North Point St #1806,San Francisco,CA,94109,925000,1,1.0,San Francisco,,26400,1963,6,,1010,Active,,,http://www.redfin.com/CA/San-Francisco/1050-N-Point-St-94109/unit-1806/home/12400801,San Francisco MLS,421590719,N,Y,37.8053959,-122.4248482
MLS Listing,,Single Family Residential,1125 Vicente St,San Francisco,CA,94116,998000,3,1.5,San Francisco,2018,2495,1936,6,495,,Active,September-11-2021 12:00 PM,September-11-2021 04:00 PM,http://www.redfin.com/CA/San-Francisco/1125-Vicente-St-94116/home/175630532,San Francisco MLS,421591141,N,Y,37.7390573,-122.4791308
MLS Listing,,Multi-Family (2-4 Unit),19 - 21 Cortland Ave,San Francisco,CA,94110,1195000,9,4.0,San Francisco,3100,2625,1902,6,385,,Active,September-9-2021 12:00 PM,September-9-2021 12:30 PM,http://www.redfin.com/CA/San-Francisco/19-Cortland-Ave-94110/home/760333,San Francisco MLS,421581747,N,Y,37.7410208,-122.4221981
MLS Listing,,Condo/Co-op,12 Avalon Ave #4,San Francisco,CA,94112,749000,2,2.0,San Francisco,1120,6920,1979,6,669,451,Active,,,http://www.redfin.com/CA/San-Francisco/12-Avalon-Ave-94112/unit-4/home/55244501,San Francisco MLS,421589932,N,Y,37.7273895,-122.432431
MLS Listing,,Condo/Co-op,555 Innes Ave #309,San Francisco,CA,94124,649900,1,1.0,Bayview,790,,2016,6,823,479,Active,,,http://www.redfin.com/CA/San-Francisco/555-Innes-Ave-94124/unit-309/home/114010587,"bridgeMLS, Bay East AOR, or Contra Costa AOR",40965650,N,Y,37.7281082,-122.3692429
MLS Listing,,Multi-Family (2-4 Unit),379 - 381 27th Ave,San Francisco,CA,94121,1799000,0,,San Francisco,3130,3000,1923,6,575,,Active,September-12-2021 02:00 PM,September-12-2021 04:00 PM,http://www.redfin.com/CA/San-Francisco/379-27th-Ave-94121/home/1189576,San Francisco MLS,421589955,N,Y,37.7823248,-122.4873736
MLS Listing,,Multi-Family (2-4 Unit),2428 - 2432 Fulton St,San Francisco,CA,94118,2450000,6,3.0,San Francisco,4275,3438,1911,6,573,,Active,September-11-2021 01:00 PM,September-11-2021 04:00 PM,http://www.redfin.com/CA/San-Francisco/2428-Fulton-St-94118/home/1839079,San Francisco MLS,421590661,N,Y,37.7747496,-122.4569964
MLS Listing,,Single Family Residential,1801 Geneva Ave,San Francisco,CA,94134,745000,2,1.0,San Francisco,799,1683,1946,6,932,,Active,,,http://www.redfin.com/CA/San-Francisco/1801-Geneva-Ave-94134/home/1511349,San Francisco MLS,421590926,N,Y,37.7100576,-122.4242058
MLS Listing,,Multi-Family (5+ Unit),11 Crestline Dr,San Francisco,CA,94131,2500000,0,,San Francisco,3882,5001,1963,6,644,,Active,,,http://www.redfin.com/CA/San-Francisco/11-Crestline-Dr-94131/home/1758131,San Francisco MLS,421585864,N,Y,37.7492279,-122.4452752
MLS Listing,,Multi-Family (2-4 Unit),2391 - 2393 30th Ave,San Francisco,CA,94116,1495000,4,,San Francisco,2250,1437,1945,6,664,,Active,September-9-2021 05:00 PM,September-9-2021 06:00 PM,http://www.redfin.com/CA/San-Francisco/2391-30th-Ave-94116/home/2008161,San Francisco MLS,421590529,N,Y,37.7427346,-122.4877114
MLS Listing,,Single Family Residential,338 Vernon St,San Francisco,CA,94132,999000,3,2.0,Merced Heights,1250,2500,1944,6,799,,Active,September-11-2021 01:00 PM,September-11-2021 04:00 PM,http://www.redfin.com/CA/San-Francisco/338-Vernon-St-94132/home/1096105,"bridgeMLS, Bay East AOR, or Contra Costa AOR",40965571,N,Y,37.7186319,-122.4678873
MLS Listing,,Single Family Residential,86 Idora Ave,San Francisco,CA,94127,1895000,4,4.0,San Francisco,2943,3101,1928,6,644,,Active,,,http://www.redfin.com/CA/San-Francisco/86-Idora-Ave-94127/home/1800307,San Francisco MLS,421589485,N,Y,37.7445689,-122.4561782
MLS Listing,,Single Family Residential,730 - 732 27th Ave,San Francisco,CA,94121,1095000,3,,San Francisco,1850,2962,1922,6,592,,Active,,,http://www.redfin.com/CA/San-Francisco/730-27th-Ave-94121/home/1189933,San Francisco MLS,421590869,N,Y,37.7755682,-122.4862467
MLS Listing,,Condo/Co-op,1160 Mission St #1613,San Francisco,CA,94103,1200000,2,2.0,San Francisco,1131,43557,2008,6,1061,972,Active,September-9-2021 05:00 PM,September-9-2021 07:00 PM,http://www.redfin.com/CA/San-Francisco/1160-Mission-St-94103/unit-1613/home/17306097,San Francisco MLS,421590838,N,Y,37.7786972,-122.4126145
MLS Listing,,Condo/Co-op,759 Grove St #759,San Francisco,CA,94102,725000,2,1.0,San Francisco,940,1938,1890,6,771,,Active,September-11-2021 11:00 AM,September-11-2021 01:00 PM,http://www.redfin.com/CA/San-Francisco/759-Grove-St-94102/unit-759/home/176293731,San Francisco MLS,421589445,N,Y,37.7768822,-122.4290664
MLS Listing,,Condo/Co-op,290 Red Rock Way Unit A,San Francisco,CA,94131,899000,4,2.5,San Francisco,1513,,1964,6,594,1252,Active,,,http://www.redfin.com/CA/San-Francisco/290-Red-Rock-Way-94131/unit-A/home/175110771,San Francisco MLS,421587887,N,Y,37.7460707,-122.443033
MLS Listing,,Single Family Residential,76 Bronte St,San Francisco,CA,94110,2095000,3,3.0,San Francisco,1748,1751,1940,6,1199,,Active,,,http://www.redfin.com/CA/San-Francisco/76-Bronte-St-94110/home/1240678,San Francisco MLS,421589661,N,Y,37.7385366,-122.4104132
MLS Listing,,Condo/Co-op,601 Van Ness Ave #1030,San Francisco,CA,94102,628888,1,,San Francisco,672,105806,1982,7,936,940,Active,,,http://www.redfin.com/CA/San-Francisco/601-Van-Ness-Ave-94102/unit-1030/home/578718,San Francisco MLS,421590810,N,Y,37.7813653,-122.4215253
MLS Listing,,Single Family Residential,1011 Hollister Ave,San Francisco,CA,94124,1149000,3,2.0,San Francisco,1269,2500,1964,7,905,,Active,,,http://www.redfin.com/CA/San-Francisco/1011-Hollister-Ave-94124/home/1231643,San Francisco MLS,421590806,N,Y,37.7186696,-122.3909531
MLS Listing,,Vacant Land,301 Alemany Blvd,San Francisco,CA,94110,4995000,0,,San Francisco,,100374,,7,,,Active,,,http://www.redfin.com/CA/San-Francisco/301-Alemany-Blvd-94110/home/110064228,San Francisco MLS,421590085,N,Y,37.731027,-122.416359
MLS Listing,,Single Family Residential,250 Casitas Ave,San Francisco,CA,94127,2895000,5,4.5,San Francisco,5434,6486,,7,533,,Active,,,http://www.redfin.com/CA/San-Francisco/250-Casitas-Ave-94127/home/1102263,San Francisco MLS,421590702,N,Y,37.7364846,-122.4604573
MLS Listing,,Multi-Family (2-4 Unit),1145 - 1155 Hyde St,San Francisco,CA,94109,3995000,11,4.5,San Francisco,6400,4575,1909,7,624,,Active,,,http://www.redfin.com/CA/San-Francisco/1145-Hyde-St-94109/home/1594188,San Francisco MLS,421590717,N,Y,37.7916166,-122.4178002
MLS Listing,,Condo/Co-op,400 Bristol Ct #427,San Francisco,CA,94130,1850000,2,2.0,San Francisco,1411,,,7,1311,1367,Active,,,http://www.redfin.com/CA/San-Francisco/1-Yerba-Buena-Rd-94130/unit-427/home/176287503,San Francisco MLS,421590712,N,Y,37.8108709,-122.3668348
MLS Listing,,Single Family Residential,450 Los Palmos Dr,San Francisco,CA,94127,1575000,3,2.0,San Francisco,1676,2260,1947,7,940,,Active,September-11-2021 12:00 PM,September-11-2021 02:00 PM,http://www.redfin.com/CA/San-Francisco/450-Los-Palmos-Dr-94127/home/1517827,San Francisco MLS,421590594,N,Y,37.734603,-122.4519839
MLS Listing,,Single Family Residential,11 Nordhoff St,San Francisco,CA,94131,1295000,2,1.5,San Francisco,1295,5074,1910,7,1000,,Active,September-8-2021 05:00 PM,September-8-2021 06:30 PM,http://www.redfin.com/CA/San-Francisco/11-Nordhoff-St-94131/home/815685,San Francisco MLS,421590005,N,Y,37.7333613,-122.4410839
MLS Listing,,Condo/Co-op,151 Alice B. Toklas Pl #805,San Francisco,CA,94109,1075000,1,1.5,San Francisco,1614,25240,1920,7,666,928,Active,September-11-2021 11:00 AM,September-11-2021 01:00 PM,http://www.redfin.com/CA/San-Francisco/151-Alice-B-Toklas-94109/unit-805/home/1426577,San Francisco MLS,421578473,N,Y,37.7850997,-122.4205869
MLS Listing,,Condo/Co-op,574 Natoma St,San Francisco,CA,94103,465000,0,1.0,San Francisco,,1816,2012,7,,318,Active,,,http://www.redfin.com/CA/San-Francisco/574-Natoma-St-94103/home/18784666,San Francisco MLS,421590626,N,Y,37.7790184,-122.4094507
MLS Listing,,Single Family Residential,3 Downey St,San Francisco,CA,94117,2599000,6,3.0,San Francisco,2725,1999,1904,7,954,,Active,September-11-2021 01:00 PM,September-11-2021 03:00 PM,http://www.redfin.com/CA/San-Francisco/3-Downey-St-94117/unit-1/home/102822655,San Francisco MLS,421575439,N,Y,37.7685568,-122.4476653
MLS Listing,,Condo/Co-op,1310 Fillmore St Ph 1-D,SAN FRANCISCO,CA,94115,939000,1,1.0,SAN FRANCISCO,858,,2007,7,1094,875,Active,,,http://www.redfin.com/CA/San-Francisco/1310-Fillmore-St-94115/unit-1-D/home/17306627,MLSListings,ML81860817,N,Y,37.7816647,-122.4321387
MLS Listing,,Condo/Co-op,1932 Fell St #10,San Francisco,CA,94117,585000,1,1.0,San Francisco,426,6875,1905,7,1373,434,Active,,,http://www.redfin.com/CA/San-Francisco/1932-Fell-St-94117/unit-10/home/12434417,San Francisco MLS,421590329,N,Y,37.7727316,-122.4498877
MLS Listing,,Multi-Family (2-4 Unit),1966 Green St,San Francisco,CA,94123,2950000,0,,San Francisco,3913,2792,1901,7,754,,Active,,,http://www.redfin.com/CA/San-Francisco/1966-Green-St-94123/home/1089246,San Francisco MLS,421590313,N,Y,37.7968426,-122.4314844
MLS Listing,,Single Family Residential,1485 38th Ave,San Francisco,CA,94121,1495000,4,2.0,San Francisco,2046,2375,1930,7,731,,Active,September-11-2021 11:00 AM,September-11-2021 01:00 PM,http://www.redfin.com/CA/San-Francisco/1485-38th-Ave-94122/home/633766,San Francisco MLS,421589248,N,Y,37.7591996,-122.4975133
MLS Listing,,Single Family Residential,39 Lobos St,San Francisco,CA,94112,1400000,4,2.0,San Francisco,1726,6590,1974,7,811,,Active,,,http://www.redfin.com/CA/San-Francisco/39-Lobos-St-94112/home/1346213,San Francisco MLS,421590399,N,Y,37.7147786,-122.4534249
MLS Listing,,Single Family Residential,387 Beacon St,San Francisco,CA,94131,2000000,4,3.5,San Francisco,3214,9797,1978,7,622,,Active,,,http://www.redfin.com/CA/San-Francisco/387-Beacon-St-94131/home/1705258,BAREIS,421578738,N,Y,37.7413086,-122.4344392
MLS Listing,,Single Family Residential,312 Cortland Ave,San Francisco,CA,94110,3250000,3,3.5,San Francisco,2850,2500,1900,7,1140,,Active,September-9-2021 05:00 PM,September-9-2021 07:00 PM,http://www.redfin.com/CA/San-Francisco/312-Cortland-Ave-94110/home/1140831,San Francisco MLS,421586721,N,Y,37.7390914,-122.4182117
MLS Listing,,Condo/Co-op,88 King St #817,San Francisco,CA,94107,1295000,2,2.0,San Francisco,1163,,2000,7,1113,1132,Active,,,http://www.redfin.com/CA/San-Francisco/88-King-St-94107/unit-817/home/12397368,San Francisco MLS,421558862,N,Y,37.7806744,-122.3892218
MLS Listing,,Condo/Co-op,1400 Mission St #203,San Francisco,CA,94103,392475,2,2.0,San Francisco,916,,2015,7,428,541,Active,,,http://www.redfin.com/CA/San-Francisco/1400-Mission-St-94103/unit-203/home/109464835,San Francisco MLS,421589180,N,Y,37.7753691,-122.4164734
MLS Listing,,Single Family Residential,1574 46th Ave,San Francisco,CA,94122,1198000,3,3.0,San Francisco,1767,2996,1923,8,678,,Active,,,http://www.redfin.com/CA/San-Francisco/1574-46th-Ave-94122/home/1984986,San Francisco MLS,421590349,N,Y,37.7571938,-122.5054945
MLS Listing,,Condo/Co-op,540 Ashbury St,San Francisco,CA,94117,1425000,3,2.0,San Francisco,1600,3125,1904,8,891,,Active,,,http://www.redfin.com/CA/San-Francisco/540-Ashbury-St-94117/home/21975893,San Francisco MLS,421589949,N,Y,37.7704757,-122.4468986
MLS Listing,,Condo/Co-op,4575 Cabrillo St #101,San Francisco,CA,94121,679000,1,1.0,San Francisco,705,4749,1984,8,963,546,Active,,,http://www.redfin.com/CA/San-Francisco/4575-Cabrillo-St-94121/unit-101/home/146342952,San Francisco MLS,421571727,N,Y,37.773182,-122.5075489
MLS Listing,,Multi-Family (2-4 Unit),195-197 Precita Ave,SAN FRANCISCO,CA,94110,1099000,5,2.0,SAN FRANCISCO,1540,2100,1900,8,714,,Active,,,http://www.redfin.com/CA/San-Francisco/195-Precita-Ave-94110/home/1885460,MLSListings,ML81860739,N,Y,37.7477079,-122.4162275
MLS Listing,,Condo/Co-op,151 Alice B Toklas Pl #509,SAN FRANCISCO,CA,94109,1150000,1,1.0,SAN FRANCISCO,1337,,1920,8,860,922,Active,,,http://www.redfin.com/CA/San-Francisco/151-Alice-B-Toklas-94109/unit-509/home/574531,MLSListings,ML81860705,N,Y,37.7850997,-122.4205869
MLS Listing,,Single Family Residential,435 Duncan St,San Francisco,CA,94131,1298000,3,2.0,San Francisco,1410,2848,1907,8,921,,Active,September-11-2021 02:00 PM,September-11-2021 04:00 PM,http://www.redfin.com/CA/San-Francisco/435-Duncan-St-94131/home/1274370,San Francisco MLS,421588601,N,Y,37.7456891,-122.4299757
MLS Listing,,Condo/Co-op,475 Hampshire St #3,San Francisco,CA,94110,1050000,1,1.5,San Francisco,1104,3000,2001,8,951,550,Active,,,http://www.redfin.com/CA/San-Francisco/475-Hampshire-St-94110/unit-3/home/12399759,San Francisco MLS,421589867,N,Y,37.7634426,-122.4081192
MLS Listing,,Condo/Co-op,151 Alice B. Toklas Pl #603,San Francisco,CA,94109,989000,1,1.0,San Francisco,,25240,1920,8,,847,Active,,,http://www.redfin.com/CA/San-Francisco/151-Alice-B-Toklas-94109/unit-603/home/574541,San Francisco MLS,421582106,N,Y,37.7850997,-122.4205869
MLS Listing,,Condo/Co-op,333 1st St Unit N1405,San Francisco,CA,94105,900000,1,1.0,San Francisco,709,38571,2004,9,1269,854,Active,,,http://www.redfin.com/CA/San-Francisco/333-1st-St-94105/unit-N1405/home/1762103,San Francisco MLS,421583492,N,Y,37.7869502,-122.3938332
MLS Listing,,Single Family Residential,158 Edinburgh St,SAN FRANCISCO,CA,94112,969000,3,1.0,SAN FRANCISCO,1500,2500,1927,9,646,,Active,,,http://www.redfin.com/CA/San-Francisco/158-Edinburgh-St-94112/home/975382,MLSListings,ML81860625,N,Y,37.7266208,-122.4281553
MLS Listing,,Multi-Family (5+ Unit),1119 Shotwell St,San Francisco,CA,94110,2100000,2,3.0,San Francisco,3440,3737,1900,9,610,,Active,,,http://www.redfin.com/CA/San-Francisco/1119-Shotwell-St-94110/home/985860,San Francisco MLS,421589722,N,Y,37.7504679,-122.4147605
MLS Listing,,Single Family Residential,3790 21st St,San Francisco,CA,94114,6850000,5,5.5,San Francisco,4400,1410,,9,1557,,Active,,,http://www.redfin.com/CA/San-Francisco/3790-21st-St-94114/home/1997153,San Francisco MLS,421587340,N,Y,37.7563698,-122.4321013
MLS Listing,,Single Family Residential,1840 Eddy St,San Francisco,CA,94115,2750000,4,3.5,San Francisco,,,1929,9,,,Active,,,http://www.redfin.com/CA/San-Francisco/1840-Eddy-St-94115/home/592970,San Francisco MLS,421589750,N,Y,37.7808286,-122.4387896
MLS Listing,,Condo/Co-op,1050 North Point St #1206,San Francisco,CA,94109,898000,1,1.0,San Francisco,,26400,,9,,934,Active,,,http://www.redfin.com/CA/San-Francisco/1050-N-Point-St-94109/unit-1206/home/12400221,San Francisco MLS,421589183,N,Y,37.8053959,-122.4248482
MLS Listing,,Multi-Family (2-4 Unit),1662 - 1664 Hayes St,San Francisco,CA,94117,2295000,4,,San Francisco,2760,3384,1900,9,832,,Active,,,http://www.redfin.com/CA/San-Francisco/1662-Hayes-St-94117/home/1618473,San Francisco MLS,421587804,N,Y,37.7745083,-122.4438745
MLS Listing,,Other,69 Pearl St,SAN FRANCISCO,CA,94103,1299900,4,3.0,SAN FRANCISCO,1763,,1907,9,737,325,Active,,,http://www.redfin.com/CA/San-Francisco/69-Pearl-St-94103/unit-73A/home/895945,MLSListings,ML81860585,N,Y,37.77031,-122.423664
MLS Listing,,Condo/Co-op,51 Innes Ct #207,San Francisco,CA,94124,600000,1,1.0,San Francisco,720,19791,2017,9,833,562,Active,,,http://www.redfin.com/CA/San-Francisco/51-Innes-Ct-94124/unit-207/home/160765879,San Francisco MLS,421563770,N,Y,37.7272117,-122.367848
MLS Listing,,Multi-Family (5+ Unit),690 Guerrero St,San Francisco,CA,94110,2699000,1,2.0,San Francisco,5565,2458,1927,9,485,,Active,,,http://www.redfin.com/CA/San-Francisco/690-Guerrero-St-94110/home/1405364,San Francisco MLS,421583959,N,Y,37.7601707,-122.423973
MLS Listing,,Single Family Residential,888 Ingerson Ave,SAN FRANCISCO,CA,94124,925000,5,3.0,SAN FRANCISCO,1789,2495,1964,9,517,,Active,,,http://www.redfin.com/CA/San-Francisco/888-Ingerson-Ave-94124/home/1344938,MLSListings,ML81858664,N,Y,37.71805,-122.3907394
MLS Listing,,Condo/Co-op,255 Berry St #505,San Francisco,CA,94158,949000,1,1.0,San Francisco,,,,9,,804,Active,,,http://www.redfin.com/CA/San-Francisco/255-Berry-St-94158/unit-505/home/873804,San Francisco MLS,421589850,N,Y,37.7743869,-122.3947812
MLS Listing,,Condo/Co-op,225 Bay St #101,San Francisco,CA,94133,949500,2,2.0,San Francisco,850,,1979,9,1117,450,Active,,,http://www.redfin.com/CA/San-Francisco/225-Bay-St-94133/unit-101/home/960523,"bridgeMLS, Bay East AOR, or Contra Costa AOR",40965010,N,Y,37.805646,-122.411069
MLS Listing,,Multi-Family (2-4 Unit),820 - 822 Irving St,San Francisco,CA,94122,2400000,3,,San Francisco,3596,2500,1936,9,667,,Active,,,http://www.redfin.com/CA/San-Francisco/820-Irving-St-94122/home/176255596,San Francisco MLS,421589905,N,Y,37.7642682,-122.4667771
MLS Listing,,Single Family Residential,2021 14th Ave,San Francisco,CA,94116,1800000,3,2.0,San Francisco,2293,2064,1947,9,785,,Active,,,http://www.redfin.com/CA/San-Francisco/2021-14th-Ave-94116/home/1013224,San Francisco MLS,421557868,N,Y,37.7503364,-122.4712372
MLS Listing,,Single Family Residential,2327 Fillmore St,San Francisco,CA,94115,7800000,5,6.5,San Francisco,5390,2656,1900,9,1447,,Active,,,http://www.redfin.com/CA/San-Francisco/2327-Fillmore-St-94115/home/1838299,San Francisco MLS,421589047,N,Y,37.791148,-122.434598
MLS Listing,,Single Family Residential,2375 33rd Ave,San Francisco,CA,94116,1472000,2,2.5,San Francisco,1700,3000,1941,9,866,,Active,,,http://www.redfin.com/CA/San-Francisco/2375-33rd-Ave-94116/home/1741086,San Francisco MLS,421587967,N,Y,37.7428689,-122.4910205
MLS Listing,,Single Family Residential,138 Ramsell St,San Francisco,CA,94132,1259000,4,3.0,San Francisco,1081,2500,1945,9,,,Active,,,http://www.redfin.com/CA/San-Francisco/138-Ramsell-St-94132/home/829727,MetroList,421587631,N,Y,37.7132451,-122.4660298
MLS Listing,,Single Family Residential,1475 - 3519 Oakdale Ave,San Francisco,CA,94124,757500,2,1.0,San Francisco,1625,3746,1928,10,466,,Active,,,http://www.redfin.com/CA/San-Francisco/1475-Oakdale-Ave-94124/home/2005147,San Francisco MLS,421589862,N,Y,37.733087,-122.3881883
MLS Listing,,Multi-Family (2-4 Unit),1273 - 1277 Dolores St,San Francisco,CA,94110,2160000,5,3.0,San Francisco,3689,3123,1904,10,586,,Active,September-12-2021 11:00 AM,September-12-2021 01:00 PM,http://www.redfin.com/CA/San-Francisco/1273-Dolores-St-94110/home/176251643,San Francisco MLS,421587185,N,Y,37.7491533,-122.4246961
MLS Listing,,Condo/Co-op,52 Innes Ct #103,San Francisco,CA,94124,799000,2,2.0,San Francisco,1185,19792,2017,10,674,635,Active,,,http://www.redfin.com/CA/San-Francisco/52-Innes-Ct-94124/unit-103/home/144879719,San Francisco MLS,421589779,N,Y,37.7276224,-122.3674287
MLS Listing,,Condo/Co-op,323 Mississippi St,San Francisco,CA,94107,1795000,3,3.0,San Francisco,1775,2482,1909,10,1011,500,Active,,,http://www.redfin.com/CA/San-Francisco/323-Mississippi-St-94107/home/17306524,San Francisco MLS,421584025,N,Y,37.762245,-122.394238
MLS Listing,,Single Family Residential,3020 26th Ave,SAN FRANCISCO,CA,94132,2388000,4,3.0,SAN FRANCISCO,2768,3998,1935,11,863,,Active,September-12-2021 02:00 PM,September-12-2021 04:00 PM,http://www.redfin.com/CA/San-Francisco/3020-26th-Ave-94132/home/1785926,MLSListings,ML81860458,N,Y,37.7320825,-122.4816401
MLS Listing,,Multi-Family (2-4 Unit),4921 California St,San Francisco,CA,94118,1888888,8,4.0,San Francisco,3576,2500,1964,11,528,,Active,,,http://www.redfin.com/CA/San-Francisco/4921-California-St-94118/home/991437,San Francisco MLS,421589751,N,Y,37.78435,-122.4703638
MLS Listing,,Condo/Co-op,1400 Mission St #1302,San Francisco,CA,94103,640000,1,1.0,San Francisco,635,1,2015,11,1008,468,Active,,,http://www.redfin.com/CA/San-Francisco/1400-Mission-St-94103/unit-1302/home/110052458,San Francisco MLS,421587745,N,Y,37.7753691,-122.4164734
MLS Listing,,Condo/Co-op,1805 Pine St #2,San Francisco,CA,94109,499000,1,1.0,San Francisco,525,4701,1924,11,950,400,Active,,,http://www.redfin.com/CA/San-Francisco/1805-Pine-St-94109/unit-2/home/969801,San Francisco MLS,421589603,N,Y,37.7888133,-122.425711
MLS Listing,,Single Family Residential,769 Athens St,SAN FRANCISCO,CA,94112,1198000,3,2.0,SAN FRANCISCO,1097,2500,1924,11,1092,,Active,,,http://www.redfin.com/CA/San-Francisco/769-Athens-St-94112/home/1680392,MLSListings,ML81860420,N,Y,37.7157806,-122.4325793
MLS Listing,,Vacant Land,47 Montclair Ter,San Francisco,CA,94109,1200000,0,,San Francisco,,2644,,11,,,Active,,,http://www.redfin.com/CA/San-Francisco/47-Montclair-Ter-94109/unit-V/home/110052971,San Francisco MLS,421587141,N,Y,37.8027379,-122.4192063
MLS Listing,,Single Family Residential,45 Montclair Ter,San Francisco,CA,94109,3700000,5,3.5,San Francisco,3191,5185,1937,11,1160,,Active,,,http://www.redfin.com/CA/San-Francisco/45-Montclair-Ter-94109/home/1601268,San Francisco MLS,421587128,N,Y,37.8026357,-122.419185
MLS Listing,,Single Family Residential,205 Sagamore St,San Francisco,CA,94112,899000,2,1.0,San Francisco,1100,2125,1940,12,817,,Active,September-11-2021 02:00 PM,September-11-2021 04:00 PM,http://www.redfin.com/CA/San-Francisco/205-Sagamore-St-94112/home/1966927,San Francisco MLS,421588778,N,Y,37.7111769,-122.459356
MLS Listing,,Single Family Residential,4262 23rd St,San Francisco,CA,94114,3200000,3,3.0,San Francisco,2700,2453,1912,12,1185,,Active,,,http://www.redfin.com/CA/San-Francisco/4262-23rd-St-94114/home/894974,San Francisco MLS,421588894,N,Y,37.7528523,-122.4379353
MLS Listing,,Condo/Co-op,140 South Van Ness Ave #335,San Francisco,CA,94103,718000,1,2.0,San Francisco,830,43147,2002,12,865,559,Active,,,http://www.redfin.com/CA/San-Francisco/140-S-Van-Ness-Ave-94103/unit-335/home/1450110,San Francisco MLS,421589551,N,Y,37.7716556,-122.418809
MLS Listing,,Condo/Co-op,435 China Basin St #521,SAN FRANCISCO,CA,94158,1495000,2,2.0,SAN FRANCISCO,1259,,2012,12,1187,875,Active,,,http://www.redfin.com/CA/San-Francisco/435-China-Basin-St-94158/unit-521/home/40629328,MLSListings,ML81860352,N,Y,37.7719225,-122.3885494
MLS Listing,,Single Family Residential,80 Linares Ave,San Francisco,CA,94116,1995000,3,2.0,San Francisco,,7200,1920,12,,112,Active,,,http://www.redfin.com/CA/San-Francisco/80-Linares-Ave-94116/home/1333665,San Francisco MLS,421589091,N,Y,37.7517133,-122.4631109
MLS Listing,,Condo/Co-op,933 Alabama St,San Francisco,CA,94110,899000,3,1.0,San Francisco,5896,3497,1904,12,,522,Active,,,http://www.redfin.com/CA/San-Francisco/933-Alabama-St-94110/home/176245602,MetroList,421589438,N,Y,37.7568901,-122.4112422
MLS Listing,,Condo/Co-op,338 Spear St Unit 7F,San Francisco,CA,94105,969000,1,1.0,San Francisco,899,76210,2009,12,1078,936,Active,,,http://www.redfin.com/CA/San-Francisco/338-Spear-St-94105/unit-7F/home/21966605,San Francisco MLS,421589465,N,Y,37.7894137,-122.3906433
MLS Listing,,Single Family Residential,2914 San Bruno Ave,SAN FRANCISCO,CA,94134,1180000,4,2.0,SAN FRANCISCO,2750,3000,1900,12,429,,Active,,,http://www.redfin.com/CA/San-Francisco/2914-San-Bruno-Ave-94134/home/1863010,MLSListings,ML81860344,N,Y,37.724654,-122.402703
MLS Listing,,Single Family Residential,1121 Key Ave,San Francisco,CA,94124,890000,0,1.0,South Bayshore,1207,5000,1914,12,737,,Active,,,http://www.redfin.com/CA/San-Francisco/1121-Key-Ave-94124/home/1388661,"bridgeMLS, Bay East AOR, or Contra Costa AOR",40964223,N,Y,37.7201665,-122.3986977
MLS Listing,,Condo/Co-op,2186 15th St Unit A,San Francisco,CA,94114,1425000,3,2.0,San Francisco,1405,2625,1900,12,1014,256,Active,,,http://www.redfin.com/CA/San-Francisco/2186-15th-St-94114/unit-A/home/110051971,San Francisco MLS,421570533,N,Y,37.7660047,-122.4328831
MLS Listing,,Single Family Residential,1438 Oakdale Ave,San Francisco,CA,94124,916999,4,3.0,Bayview,1338,2495,1963,12,685,,Active,,,http://www.redfin.com/CA/San-Francisco/1438-Oakdale-Ave-94124/home/746557,"bridgeMLS, Bay East AOR, or Contra Costa AOR",40964987,N,Y,37.7330805,-122.3872492
MLS Listing,,Condo/Co-op,200 Townsend St #6,SAN FRANCISCO,CA,94107,1298000,1,2.0,SAN FRANCISCO,1321,,2003,12,983,727,Active,September-8-2021 04:00 PM,September-8-2021 06:00 PM,http://www.redfin.com/CA/San-Francisco/200-Townsend-St-94107/unit-6/home/12400002,MLSListings,ML81860314,N,Y,37.7789208,-122.3932323
MLS Listing,,Condo/Co-op,3895 24th St,San Francisco,CA,94114,1748000,3,2.0,San Francisco,,1825,1909,12,,,Active,,,http://www.redfin.com/CA/San-Francisco/3895-24th-St-94114/home/12278006,San Francisco MLS,421588319,N,Y,37.7514371,-122.4293913
MLS Listing,,Condo/Co-op,1863 Mission St #604,San Francisco,CA,94103,1350000,3,2.0,San Francisco,,8000,,12,,600,Active,,,http://www.redfin.com/CA/San-Francisco/1863-Mission-St-94103/unit-604/home/176244415,San Francisco MLS,421589321,N,Y,37.7673387,-122.419687
MLS Listing,,Condo/Co-op,1863 Mission St #203,San Francisco,CA,94103,679000,1,1.0,San Francisco,,8000,,12,,450,Active,,,http://www.redfin.com/CA/San-Francisco/1863-Mission-St-94103/unit-203/home/176244412,San Francisco MLS,421589229,N,Y,37.7673387,-122.419687
MLS Listing,,Condo/Co-op,2920 21st St,San Francisco,CA,94110,1595000,3,2.0,San Francisco,,2479,1904,12,,350,Active,,,http://www.redfin.com/CA/San-Francisco/2920-21st-St-94110/home/40360054,San Francisco MLS,421589320,N,Y,37.7576023,-122.4129719
MLS Listing,,Single Family Residential,531 Moscow St,San Francisco,CA,94112,1298000,3,2.0,San Francisco,1846,2500,1922,12,703,,Active,,,http://www.redfin.com/CA/San-Francisco/531-Moscow-St-94112/home/2028021,San Francisco MLS,421589244,N,Y,37.719069,-122.428939
MLS Listing,,Condo/Co-op,701 Minnesota St #111,San Francisco,CA,94107,1195000,2,1.0,San Francisco,1181,40243,1900,12,1012,526,Active,September-12-2021 11:00 AM,September-12-2021 01:00 PM,http://www.redfin.com/CA/San-Francisco/701-Minnesota-St-94107/unit-111/home/12396532,San Francisco MLS,421583228,N,Y,37.7615332,-122.3899573
MLS Listing,,Condo/Co-op,2139 Green St Unit F,San Francisco,CA,94123,2950000,2,2.0,San Francisco,,7562,1988,12,,831,Active,,,http://www.redfin.com/CA/San-Francisco/2139-Green-St-94123/unit-F/home/1999084,San Francisco MLS,421553233,N,Y,37.7960983,-122.4342078
MLS Listing,,Single Family Residential,479 Moscow St,SAN FRANCISCO,CA,94112,1150000,3,1.0,SAN FRANCISCO,1325,2495,1914,12,868,,Active,,,http://www.redfin.com/CA/San-Francisco/479-Moscow-St-94112/home/1353708,MLSListings,ML81860264,N,Y,37.7199562,-122.4283438
MLS Listing,,Condo/Co-op,1620 Broadway St #1,San Francisco,CA,94109,630000,1,1.0,San Francisco,6584,3781,1900,12,96,360,Active,,,http://www.redfin.com/CA/San-Francisco/1620-Broadway-94109/unit-1/home/167183001,San Francisco MLS,421589312,N,Y,37.795948,-122.424195
MLS Listing,,Condo/Co-op,631 Ofarrell St #1206,San Francisco,CA,94109,479000,0,1.0,San Francisco,520,,1930,12,921,715,Active,,,http://www.redfin.com/CA/San-Francisco/631-O-Farrell-St-94109/unit-1206/home/890814,San Francisco MLS,421589309,N,Y,37.7852037,-122.4151808
MLS Listing,,Condo/Co-op,3537 Washington St,San Francisco,CA,94118,3800000,4,2.0,San Francisco,2761,4283,1912,12,1376,417,Active,,,http://www.redfin.com/CA/San-Francisco/3537-Washington-St-94118/unit-2A/home/584072,San Francisco MLS,421589310,N,Y,37.7892306,-122.4512576
MLS Listing,,Townhouse,207 King St #402,San Francisco,CA,94107,1725000,2,2.5,San Francisco,1740,21096,2003,12,991,781,Active,September-12-2021 02:00 PM,September-12-2021 04:00 PM,http://www.redfin.com/CA/San-Francisco/207-King-St-94107/unit-402/home/12401106,San Francisco MLS,421589057,N,Y,37.7776147,-122.3919074
MLS Listing,,Condo/Co-op,865 Corbett Ave #1,San Francisco,CA,94131,698000,2,1.0,San Francisco,876,6046,1973,12,797,350,Active,,,http://www.redfin.com/CA/San-Francisco/865-Corbett-Ave-94131/unit-1/home/1782589,San Francisco MLS,421588158,N,Y,37.752983,-122.443369
MLS Listing,,Condo/Co-op,2401 Jackson St #4,San Francisco,CA,94115,1475000,2,2.0,San Francisco,1500,4059,1908,12,983,650,Active,,,http://www.redfin.com/CA/San-Francisco/2401-Jackson-St-94115/unit-4/home/1340027,San Francisco MLS,421585969,N,Y,37.7923253,-122.4348272
MLS Listing,,Single Family Residential,15 Mabrey Ct,San Francisco,CA,94124,959000,4,2.5,San Francisco,2004,2459,1984,12,479,175,Active,,,http://www.redfin.com/CA/San-Francisco/15-Mabrey-Ct-94124/home/740212,San Francisco MLS,421588766,N,Y,37.7357542,-122.385454
MLS Listing,,Condo/Co-op,333 Bush St #4206,San Francisco,CA,94104,2195000,2,2.0,San Francisco,1798,,1987,12,1221,1582,Active,,,http://www.redfin.com/CA/San-Francisco/333-Bush-St-94104/unit-4206/home/551917,San Francisco MLS,421566036,N,Y,37.7906431,-122.4030566
MLS Listing,,Condo/Co-op,301 Main St Unit 18H,San Francisco,CA,94105,1600000,2,2.0,San Francisco,1317,76210,2008,12,1215,1021,Active,,,http://www.redfin.com/CA/San-Francisco/301-Main-St-94105/unit-18H/home/21966863,San Francisco MLS,421587339,N,Y,37.7895974,-122.3911965
MLS Listing,,Condo/Co-op,650 Delancey St #106,San Francisco,CA,94107,1699000,2,2.0,San Francisco,1554,61922,1996,12,1093,693,Active,,,http://www.redfin.com/CA/San-Francisco/650-Delancey-St-94107/unit-106/home/12396491,San Francisco MLS,421585205,N,Y,37.7828055,-122.3896538
MLS Listing,,Condo/Co-op,50 Lansing St #303,San Francisco,CA,94105,1125000,2,2.0,San Francisco,1065,20082,2006,12,1056,920,Active,September-9-2021 06:00 PM,September-9-2021 07:00 PM,http://www.redfin.com/CA/San-Francisco/50-Lansing-St-94105/unit-303/home/22886634,BAREIS,421587900,N,Y,37.786127,-122.3942141
MLS Listing,,Single Family Residential,652 18th Ave,San Francisco,CA,94121,1495000,2,1.5,San Francisco,1506,2796,1915,12,993,,Active,,,http://www.redfin.com/CA/San-Francisco/652-18th-Ave-94121/home/619456,San Francisco MLS,421589188,N,Y,37.7758443,-122.4767383
MLS Listing,,Multi-Family (2-4 Unit),220 - 220A Romain St,San Francisco,CA,94131,1895000,3,2.5,San Francisco,2615,2979,1936,12,725,,Active,,,http://www.redfin.com/CA/San-Francisco/220-Romain-St-94131/home/993050,San Francisco MLS,421588599,N,Y,37.7561763,-122.4419567
MLS Listing,,Single Family Residential,146 Castenada Ave,San Francisco,CA,94116,3795000,4,3.0,San Francisco,4272,3977,1929,12,888,83,Active,,,http://www.redfin.com/CA/San-Francisco/146-Castenada-Ave-94116/home/681022,San Francisco MLS,421585636,N,Y,37.7487507,-122.4620937
MLS Listing,,Single Family Residential,401 Vicente St,San Francisco,CA,94116,1795000,3,2.0,San Francisco,2010,2760,1931,13,893,,Active,,,http://www.redfin.com/CA/San-Francisco/401-Vicente-St-94116/home/1932853,San Francisco MLS,421589198,N,Y,37.7393108,-122.4712774
MLS Listing,,Single Family Residential,332 Cresta Vista Dr,San Francisco,CA,94127,1493000,3,2.0,San Francisco,1624,4395,1991,13,919,,Active,,,http://www.redfin.com/CA/San-Francisco/332-Cresta-Vista-Dr-94127/home/1120852,San Francisco MLS,421589109,N,Y,37.7355298,-122.452673
MLS Listing,,Condo/Co-op,555 4th St #435,San Francisco,CA,94107,749000,1,1.0,San Francisco,681,63237,2006,13,1100,603,Active,,,http://www.redfin.com/CA/San-Francisco/555-4th-St-94107/unit-435/home/12402175,San Francisco MLS,421589121,N,Y,37.7793967,-122.3967727
MLS Listing,,Condo/Co-op,650 Turk St Unit T606,SAN FRANCISCO,CA,94102,489000,0,1.0,SAN FRANCISCO,398,,2007,13,1229,556,Active,,,http://www.redfin.com/CA/San-Francisco/650-Turk-St-94102/unit-T606/home/160623356,MLSListings,ML81860180,N,Y,37.7821545,-122.4200198
MLS Listing,,Single Family Residential,1074 Treat Ave,San Francisco,CA,94110,1850000,3,2.0,San Francisco,1465,2600,1900,13,1263,,Active,,,http://www.redfin.com/CA/San-Francisco/1074-Treat-Ave-94110/home/1939189,San Francisco MLS,421589138,N,Y,37.7529592,-122.4132159
MLS Listing,,Single Family Residential,142 15th Ave,San Francisco,CA,94118,4800000,4,3.5,San Francisco,3870,3184,,13,1240,,Active,,,http://www.redfin.com/CA/San-Francisco/142-15th-Ave-94118/home/604511,San Francisco MLS,421575894,N,Y,37.785424,-122.4741227
MLS Listing,,Condo/Co-op,180 Dolores St #6,San Francisco,CA,94103,1095000,2,2.0,San Francisco,,,1921,13,,496,Active,,,http://www.redfin.com/CA/San-Francisco/180-Dolores-St-94103/unit-6/home/160471101,San Francisco MLS,421576237,N,Y,37.7666492,-122.4268613
MLS Listing,,Condo/Co-op,641 Carolina St,San Francisco,CA,94107,1049000,2,2.0,San Francisco,1250,79531,1978,13,839,936,Active,,,http://www.redfin.com/CA/San-Francisco/641-Carolina-St-94107/home/1662704,San Francisco MLS,421588782,N,Y,37.760588,-122.400115
MLS Listing,,Condo/Co-op,360 Guerrero St #219,San Francisco,CA,94103,588000,2,1.0,San Francisco,935,45288,1983,13,629,663,Active,,,http://www.redfin.com/CA/San-Francisco/360-Guerrero-St-94103/unit-219/home/1263579,San Francisco MLS,421587302,N,Y,37.7654922,-122.4243679
MLS Listing,,Single Family Residential,2054 Bancroft Ave,San Francisco,CA,94124,895000,3,2.0,San Francisco,1400,2495,1960,13,639,,Active,,,http://www.redfin.com/CA/San-Francisco/2054-Bancroft-Ave-94124/home/753617,San Francisco MLS,421588949,N,Y,37.7305818,-122.4011759
MLS Listing,,Condo/Co-op,1267 Chestnut St #4,San Francisco,CA,94109,1375000,2,2.0,San Francisco,1070,3329,1924,13,1285,400,Active,,,http://www.redfin.com/CA/San-Francisco/1267-Chestnut-St-94109/unit-4/home/102814199,San Francisco MLS,421588128,N,Y,37.8022733,-122.4241251
MLS Listing,,Condo/Co-op,3912 Cesar Chavez St,San Francisco,CA,94131,1390000,2,1.0,San Francisco,,,,13,,500,Active,,,http://www.redfin.com/CA/San-Francisco/3912-Cesar-Chavez-94131/home/805810,San Francisco MLS,421570836,N,Y,37.7479107,-122.4275374
MLS Listing,,Condo/Co-op,10 Perego Ter,San Francisco,CA,94131,1785000,3,2.0,San Francisco,2312,13101,1962,13,772,356,Active,,,http://www.redfin.com/CA/San-Francisco/10-Perego-Ter-94131/home/684104,San Francisco MLS,421556508,N,Y,37.7504032,-122.4449677
MLS Listing,,Condo/Co-op,1545 Pine #501,SAN FRANCISCO,CA,94109,995000,1,1.0,SAN FRANCISCO,581,581,2017,13,1713,768,Active,,,http://www.redfin.com/CA/San-Francisco/1545-Pine-St-94109/unit-501/home/144792094,MLSListings,ML81860097,N,Y,37.7893082,-122.4211982
MLS Listing,,Condo/Co-op,1788 Clay St #809,San Francisco,CA,94109,1525000,2,2.0,San Francisco,1253,25662,2014,13,1217,825,Active,,,http://www.redfin.com/CA/San-Francisco/1788-Clay-St-94109/unit-809/home/110051369,San Francisco MLS,421588859,N,Y,37.7924998,-122.4222297
MLS Listing,,Condo/Co-op,2226 California St #201,San Francisco,CA,94115,1695000,2,2.0,San Francisco,1465,4555,1885,13,1157,489,Active,,,http://www.redfin.com/CA/San-Francisco/2226-California-St-94115/unit-201/home/176223905,San Francisco MLS,421588717,N,Y,37.789552,-122.43114
MLS Listing,,Single Family Residential,859 Kansas St,San Francisco,CA,94107,2595000,3,3.0,San Francisco,2382,2495,1914,13,1089,,Active,September-12-2021 12:00 PM,September-12-2021 03:00 PM,http://www.redfin.com/CA/San-Francisco/859-Kansas-St-94107/home/1157812,San Francisco MLS,421588777,N,Y,37.7588273,-122.4027358
MLS Listing,,Condo/Co-op,280 Spear St Unit 14A,San Francisco,CA,94105,1805000,2,2.0,San Francisco,1515,47916,,13,1191,1300,Active,,,http://www.redfin.com/CA/San-Francisco/280-Spear-St-94105/unit-14A/home/160775417,San Francisco MLS,421588768,N,Y,37.7903739,-122.3913812
MLS Listing,,Condo/Co-op,423 Capp St,San Francisco,CA,94110,1495000,4,2.0,San Francisco,1800,3062,,13,831,350,Active,,,http://www.redfin.com/CA/San-Francisco/423-Capp-St-94110/home/110052164,San Francisco MLS,421575006,N,Y,37.7598412,-122.4178064
MLS Listing,,Condo/Co-op,1145 Green St #1,San Francisco,CA,94109,929000,1,1.0,San Francisco,910,,1915,13,1021,601,Active,,,http://www.redfin.com/CA/San-Francisco/1145-Green-St-94109/unit-1/home/28890599,BAREIS,421587876,N,Y,37.798084,-122.418039
MLS Listing,,Condo/Co-op,1100 Union St #800,San Francisco,CA,94109,4195000,3,3.5,San Francisco,2614,,1930,13,1605,2940,Active,,,http://www.redfin.com/CA/San-Francisco/1100-Union-St-94109/unit-0800/home/12400082,San Francisco MLS,421585632,N,Y,37.7996259,-122.4176586
MLS Listing,,Condo/Co-op,112 29th St,San Francisco,CA,94110,1295000,2,2.0,San Francisco,1210,3089,2005,13,1070,500,Active,,,http://www.redfin.com/CA/San-Francisco/112-29th-St-94110/unit-301/home/22885442,San Francisco MLS,421560842,N,Y,37.7441571,-122.4230732
MLS Listing,,Condo/Co-op,1201 California St #1104,San Francisco,CA,94109,2050000,2,3.0,San Francisco,1741,1000,1927,13,1177,2264,Active,,,http://www.redfin.com/CA/San-Francisco/1201-California-St-94109/unit-1104/home/12400754,San Francisco MLS,421557555,N,Y,37.7912124,-122.4143628
MLS Listing,,Condo/Co-op,42 Cortland Ave,San Francisco,CA,94110,1349000,3,1.5,San Francisco,1410,1476,1927,13,957,,Active,September-8-2021 05:00 PM,September-8-2021 07:00 PM,http://www.redfin.com/CA/San-Francisco/42-Cortland-Ave-94110/home/40457265,San Francisco MLS,421579347,N,Y,37.7405273,-122.4220622
MLS Listing,,Condo/Co-op,726 Lyon St,San Francisco,CA,94115,1399000,3,2.0,San Francisco,1543,2500,1906,13,907,500,Active,,,http://www.redfin.com/CA/San-Francisco/726-Lyon-St-94115/home/110051890,BAREIS,421587649,N,Y,37.7775977,-122.4431584
MLS Listing,,Multi-Family (2-4 Unit),1240 - 1242 4th Ave,San Francisco,CA,94122,1998000,5,3.0,San Francisco,2772,2375,1907,14,721,,Active,,,http://www.redfin.com/CA/San-Francisco/1240-4th-Ave-94122/home/1468872,San Francisco MLS,421588502,N,Y,37.7654109,-122.4607749
MLS Listing,,Single Family Residential,623 44th Ave,San Francisco,CA,94121,1528000,3,2.0,San Francisco,1421,3258,1955,14,1075,,Active,,,http://www.redfin.com/CA/San-Francisco/623-44th-Ave-94121/home/892972,San Francisco MLS,421568734,N,Y,37.7767223,-122.5051174
MLS Listing,,Multi-Family (5+ Unit),811 Burnett Ave,SAN FRANCISCO,CA,94131,3988000,9,8.0,SAN FRANCISCO,4981,4573,1973,14,801,,Active,,,http://www.redfin.com/CA/San-Francisco/811-Burnett-Ave-94131/home/681086,MLSListings,ML81859970,N,Y,37.7494622,-122.444533
MLS Listing,,Condo/Co-op,946 Stockton St Unit 16F,San Francisco,CA,94108,695000,2,1.5,San Francisco,744,,1970,14,934,1098,Active,,,http://www.redfin.com/CA/San-Francisco/946-Stockton-St-94108/unit-16F/home/1650002,San Francisco MLS,421587778,N,Y,37.7947159,-122.4078309
MLS Listing,,Single Family Residential,775 Clementina St,San Francisco,CA,94103,1999999,3,3.0,San Francisco,2150,1875,1923,14,930,,Active,,,http://www.redfin.com/CA/San-Francisco/775-Clementina-St-94103/home/718778,BAREIS,421588501,N,Y,37.7743924,-122.4116632
MLS Listing,,Condo/Co-op,1200 Gough St Unit 22C,San Francisco,CA,94109,975000,1,,San Francisco,840,44676,1966,14,1161,831,Active,,,http://www.redfin.com/CA/San-Francisco/1200-Gough-St-94109/unit-22C/home/1358116,San Francisco MLS,421588436,N,Y,37.7849434,-122.4242824
MLS Listing,,Condo/Co-op,55 Oak St #212,San Francisco,CA,94102,1146000,1,1.0,San Francisco,799,10227,2021,14,1434,822,Active,,,http://www.redfin.com/CA/San-Francisco/55-Oak-St-94102/unit-212/home/176213097,San Francisco MLS,421588403,N,Y,37.7750761,-122.4201583
MLS Listing,,Condo/Co-op,2800 Sloat Blvd,SAN FRANCISCO,CA,94116,1152000,2,2.0,SAN FRANCISCO,1011,,2020,14,1139,560,Active,,,http://www.redfin.com/CA/San-Francisco/2800-Sloat-Blvd-94116/unit-2898/home/110056653,MLSListings,ML81859838,N,Y,37.7358537,-122.5047373
MLS Listing,,Condo/Co-op,3535 Wawona St #236,SAN FRANCISCO,CA,94116,1142000,2,1.0,SAN FRANCISCO,1032,,2020,14,1107,461,Active,,,http://www.redfin.com/CA/San-Francisco/3535-Wawona-St-94116/unit-236/home/168985465,MLSListings,ML81859837,N,Y,37.7360903,-122.5046275
MLS Listing,,Single Family Residential,43 Joost Ave,San Francisco,CA,94131,1049000,2,1.0,San Francisco,1175,2500,1907,14,893,,Active,,,http://www.redfin.com/CA/San-Francisco/43-Joost-Ave-94131/home/898663,San Francisco MLS,421584559,N,Y,37.732204,-122.4361294
MLS Listing,,Multi-Family (2-4 Unit),173 - 175 Alpine Ter,San Francisco,CA,94117,2795000,4,1.0,San Francisco,2252,2430,1905,14,1241,,Active,,,http://www.redfin.com/CA/San-Francisco/173-Alpine-Ter-94117/home/666932,San Francisco MLS,421586079,N,Y,37.7677594,-122.4370847
MLS Listing,,Condo/Co-op,8300 Oceanview Ter #413,San Francisco,CA,94132,649888,1,1.0,San Francisco,665,,,14,977,608,Active,,,http://www.redfin.com/CA/San-Francisco/8300-Oceanview-Ter-94132/unit-413/home/1399513,San Francisco MLS,421584581,N,Y,37.7097837,-122.4679725
MLS Listing,,Condo/Co-op,5900 3rd St #2302,San Francisco,CA,94124,899000,3,2.0,San Francisco,,,2010,14,,535,Active,,,http://www.redfin.com/CA/San-Francisco/5900-3rd-St-94124/unit-2302/home/40629201,San Francisco MLS,421563636,N,Y,37.724666,-122.395268
MLS Listing,,Condo/Co-op,3535 Wawona St #515,SAN FRANCISCO,CA,94116,1338000,2,2.0,SAN FRANCISCO,991,,2020,15,1350,542,Active,,,http://www.redfin.com/CA/San-Francisco/3535-Wawona-St-94116/unit-515/home/174613404,MLSListings,ML81859760,N,Y,37.7360911,-122.5046285
MLS Listing,,Single Family Residential,1286 45th Ave,San Francisco,CA,94122,1699000,4,4.0,San Francisco,1898,1813,1940,15,895,,Active,,,http://www.redfin.com/CA/San-Francisco/1286-45th-Ave-94122/home/1508389,San Francisco MLS,421588155,N,Y,37.7626193,-122.5047637
MLS Listing,,Condo/Co-op,401 Crescent Ct #4102,San Francisco,CA,94134,606062,2,2.0,San Francisco,1103,114415,2007,15,549,497,Active,September-12-2021 02:00 PM,September-12-2021 04:00 PM,http://www.redfin.com/CA/San-Francisco/401-Crescent-Ct-94134/unit-4102/home/12402611,San Francisco MLS,421588075,N,Y,37.711395,-122.388107
MLS Listing,,Condo/Co-op,240 Lombard St #429,San Francisco,CA,94111,649000,1,1.0,San Francisco,580,,1993,15,1119,895,Active,,,http://www.redfin.com/CA/San-Francisco/240-Lombard-St-94111/unit-429/home/1578063,San Francisco MLS,421588052,N,Y,37.8040758,-122.4052486
MLS Listing,,Townhouse,2075 Sutter St #227,San Francisco,CA,94901,1288000,2,2.0,San Francisco,1120,22729,1992,15,1150,821,Active,,,http://www.redfin.com/CA/San-Francisco/2075-Sutter-St-94115/unit-227/home/1401753,BAREIS,421588020,N,Y,37.7857934,-122.434559
MLS Listing,,Condo/Co-op,1515 Union St Unit 4I,San Francisco,CA,94123,2745000,2,2.0,San Francisco,1545,,2020,15,1777,1299,Active,,,http://www.redfin.com/CA/San-Francisco/1515-Union-St-94123/unit-4I/home/176191731,San Francisco MLS,421587998,N,Y,37.7982705,-122.424284
MLS Listing,,Condo/Co-op,301 Crescent Ct #3403,San Francisco,CA,94134,749000,2,2.0,San Francisco,1042,114415,2007,15,719,504,Active,,,http://www.redfin.com/CA/San-Francisco/301-Crescent-Ct-94134/unit-3403/home/12277957,San Francisco MLS,421579983,N,Y,37.711115,-122.388595
MLS Listing,,Single Family Residential,22 Vista View Ct,San Francisco,CA,94124,1200000,3,2.0,San Francisco,1594,4888,,16,,435,Active,,,http://www.redfin.com/CA/San-Francisco/22-Vistaview-Ct-94124/home/1933941,MetroList,421587849,N,Y,37.7339016,-122.3953351
MLS Listing,,Multi-Family (5+ Unit),1723 - 1727 Stockton St,San Francisco,CA,94133,3250000,5,2.0,San Francisco,6318,2588,1900,16,514,,Active,,,http://www.redfin.com/CA/San-Francisco/1723-Stockton-St-94133/home/1641778,San Francisco MLS,421586735,N,Y,37.8017051,-122.4097525
MLS Listing,,Condo/Co-op,2 Mint Plz #202,San Francisco,CA,94103,775000,1,1.0,San Francisco,769,7776,1926,16,1008,871,Active,,,http://www.redfin.com/CA/San-Francisco/2-Mint-Plz-94103/unit-202/home/17306451,San Francisco MLS,421583728,N,Y,37.7831186,-122.4076117
MLS Listing,,Condo/Co-op,1238 Sutter St #603,San Francisco,CA,94109,695000,1,1.0,San Francisco,,4830,2018,16,,495,Active,September-11-2021 01:00 PM,September-11-2021 03:00 PM,http://www.redfin.com/CA/San-Francisco/1238-Sutter-St-94109/unit-603/home/169566015,San Francisco MLS,421575436,N,Y,37.7880028,-122.4208442
MLS Listing,,Multi-Family (2-4 Unit),3233 Broderick St,SAN FRANCISCO,CA,94123,3288000,7,3.0,SAN FRANCISCO,3805,3438,1927,16,864,,Active,,,http://www.redfin.com/CA/San-Francisco/3233-Broderick-St-94123/home/881841,MLSListings,ML81859555,N,Y,37.8001852,-122.4449592
MLS Listing,,Condo/Co-op,280 Spear St Unit 25C,San Francisco,CA,94105,1850000,2,2.0,San Francisco,1209,47916,,16,1530,1230,Active,,,http://www.redfin.com/CA/San-Francisco/280-Spear-St-94105/unit-25C/home/176180951,San Francisco MLS,421587743,N,Y,37.7904356,-122.3918209
MLS Listing,,Condo/Co-op,55 Oak St #610,San Francisco,CA,94102,995400,1,1.0,San Francisco,723,10227,2021,16,1377,802,Active,,,http://www.redfin.com/CA/San-Francisco/55-Oak-St-94102/unit-610/home/176175907,San Francisco MLS,421587712,N,Y,37.7750761,-122.4201583
MLS Listing,,Condo/Co-op,55 Oak St #307,San Francisco,CA,94102,625500,0,1.0,San Francisco,494,10227,2021,16,1266,704,Active,,,http://www.redfin.com/CA/San-Francisco/55-Oak-St-94102/unit-307/home/176175906,San Francisco MLS,421587711,N,Y,37.7750761,-122.4201583
MLS Listing,,Condo/Co-op,55 Oak St #208,San Francisco,CA,94102,739000,1,1.0,San Francisco,657,10227,2021,16,1125,774,Active,,,http://www.redfin.com/CA/San-Francisco/55-Oak-St-94102/unit-208/home/176175905,San Francisco MLS,421587648,N,Y,37.7750761,-122.4201583
MLS Listing,,Townhouse,164 Galewood Cir,SAN FRANCISCO,CA,94131,1295000,2,2.5,SAN FRANCISCO,1465,995,1978,17,884,298,Active,,,http://www.redfin.com/CA/San-Francisco/164-Galewood-Cir-94131/home/1590175,MLSListings,ML81859519,N,Y,37.7529235,-122.4569744
MLS Listing,,Condo/Co-op,219 Brannan St Unit 1D,San Francisco,CA,94107,949000,1,1.5,San Francisco,844,82966,2000,18,1124,1192,Active,September-11-2021 02:00 PM,September-11-2021 04:00 PM,http://www.redfin.com/CA/San-Francisco/219-Brannan-St-94107/unit-1D/home/1347708,San Francisco MLS,421587605,N,Y,37.7830623,-122.3901122
MLS Listing,,Single Family Residential,,San Francisco,CA,94122,1888888,4,2.5,Sunset,2092,2996,1916,18,903,,Active,,,http://www.redfin.com/CA/San-Francisco/Undisclosed-address-94122/home/1022341,"bridgeMLS, Bay East AOR, or Contra Costa AOR",40964213,N,Y,37.7605896,-122.4835916
MLS Listing,,Condo/Co-op,195 7th St #302,San Francisco,CA,94103,455000,0,1.0,San Francisco,320,,1991,18,1422,370,Active,,,http://www.redfin.com/CA/San-Francisco/195-7th-St-94103/unit-302/home/1184216,San Francisco MLS,421587391,N,Y,37.7783013,-122.4094944
MLS Listing,,Condo/Co-op,355 Buena Vista Ave E Unit 202W,San Francisco,CA,94117,748000,1,1.0,San Francisco,674,90869,1986,18,1110,800,Active,,,http://www.redfin.com/CA/San-Francisco/355-Buena-Vista-Ave-E-94117/unit-202W/home/176170093,San Francisco MLS,421574763,N,Y,37.7675471,-122.4400498
MLS Listing,,Single Family Residential,156 Curtis St,San Francisco,CA,94112,995000,3,2.0,San Francisco,1040,2996,1910,18,957,,Active,,,http://www.redfin.com/CA/San-Francisco/156-Curtis-St-94112/home/1232936,San Francisco MLS,421586425,N,Y,37.7122115,-122.4394914
MLS Listing,,Single Family Residential,134 Shakespear St,SAN FRANCISCO,CA,94112,599500,2,1.0,SAN FRANCISCO,486,2495,1924,19,1234,,Active,,,http://www.redfin.com/CA/San-Francisco/134-Shakespeare-St-94112/home/1907194,MLSListings,ML81859448,N,Y,37.708602,-122.463027
MLS Listing,,Single Family Residential,1163 Bowdoin St,SAN FRANCISCO,CA,94134,977888,3,1.0,SAN FRANCISCO,924,2996,1951,19,1058,,Active,September-12-2021 01:30 PM,September-12-2021 04:30 PM,http://www.redfin.com/CA/San-Francisco/1163-Bowdoin-St-94134/home/1951013,MLSListings,ML81859437,N,Y,37.7215316,-122.4085658
MLS Listing,,Condo/Co-op,2 Amazon Ave #203,San Francisco,CA,94112,725000,2,2.0,San Francisco,857,11815,1999,19,846,267,Active,September-11-2021 02:00 PM,September-11-2021 04:00 PM,http://www.redfin.com/CA/San-Francisco/2-Amazon-Ave-94112/unit-203/home/966948,San Francisco MLS,421587450,N,Y,37.7170363,-122.4401945
MLS Listing,,Single Family Residential,33 Sweeny St,San Francisco,CA,94134,1150000,2,2.0,San Francisco,1125,1875,1925,19,1022,,Active,,,http://www.redfin.com/CA/San-Francisco/33-Sweeny-St-94134/home/1310358,San Francisco MLS,421587405,N,Y,37.7331702,-122.4067447
MLS Listing,,Condo/Co-op,181 Fremont Unit 62D,San Francisco,CA,94105,3820000,2,2.0,San Francisco,1623,,2018,19,2354,2810,Active,,,http://www.redfin.com/CA/San-Francisco/181-Fremont-St-94105/unit-62D/home/167299469,San Francisco MLS,421587369,N,Y,37.7898082,-122.3953565
MLS Listing,,Multi-Family (5+ Unit),1885 Filbert St,San Francisco,CA,94123,3950000,0,,San Francisco,4790,3110,1953,19,825,,Active,,,http://www.redfin.com/CA/San-Francisco/1885-Filbert-St-94123/home/1707818,San Francisco MLS,421587386,N,Y,37.7985651,-122.4304155
MLS Listing,,Single Family Residential,2224 Sacramento St,San Francisco,CA,94115,6895000,6,6.5,San Francisco,7983,8618,1906,19,864,,Active,,,http://www.redfin.com/CA/San-Francisco/2224-Sacramento-St-94115/home/1903427,San Francisco MLS,421583742,N,Y,37.7905814,-122.4301171
MLS Listing,,Condo/Co-op,280 Spear St Unit 15D,San Francisco,CA,94105,1898000,2,2.0,San Francisco,1130,,,19,1680,1196,Active,,,http://www.redfin.com/CA/San-Francisco/280-Spear-St-94105/unit-15D/home/176166604,San Francisco MLS,421587373,N,Y,37.7904356,-122.3918209
MLS Listing,,Single Family Residential,228 Yerba Buena Ave,San Francisco,CA,94127,1698000,2,2.0,San Francisco,1632,4011,1927,19,1040,2,Active,,,http://www.redfin.com/CA/San-Francisco/228-Yerba-Buena-Ave-94127/home/1574860,San Francisco MLS,421587319,N,Y,37.7346302,-122.460192
MLS Listing,,Single Family Residential,2375 28th Ave,San Francisco,CA,94116,1495000,4,3.0,San Francisco,1629,3000,1923,19,918,,Active,,,http://www.redfin.com/CA/San-Francisco/2375-28th-Ave-94116/home/1620579,San Francisco MLS,421585866,N,Y,37.7431038,-122.4856197
MLS Listing,,Condo/Co-op,220 Lombard St #322,San Francisco,CA,94111,595000,1,1.0,San Francisco,603,50188,1992,19,987,866,Active,,,http://www.redfin.com/CA/San-Francisco/220-Lombard-St-94111/unit-322/home/1881749,San Francisco MLS,421586421,N,Y,37.8042436,-122.4054002
MLS Listing,,Condo/Co-op,300 3rd St #618,San Francisco,CA,94107,1250000,2,2.0,San Francisco,1534,48941,1990,19,815,1003,Active,September-12-2021 12:00 PM,September-12-2021 02:00 PM,http://www.redfin.com/CA/San-Francisco/300-3rd-St-94107/unit-618/home/1944458,San Francisco MLS,421586666,N,Y,37.7835658,-122.3989483
MLS Listing,,Condo/Co-op,45 Bartlett St #613,San Francisco,CA,94110,839000,1,1.0,San Francisco,631,23803,2014,19,1330,582,Active,,,http://www.redfin.com/CA/San-Francisco/45-Bartlett-St-94110/unit-613/home/109315438,San Francisco MLS,421585859,N,Y,37.7558162,-122.4197494
MLS Listing,,Single Family Residential,421 Tehama St,San Francisco,CA,94103,6500000,4,2.5,San Francisco,5279,,,19,1231,,Active,,,http://www.redfin.com/CA/San-Francisco/421-Tehama-St-94103/home/12395923,San Francisco MLS,421579376,N,Y,37.7806054,-122.4048962
MLS Listing,,Condo/Co-op,601 Van Ness Ave #705,San Francisco,CA,94102,714500,2,2.0,San Francisco,882,105806,1982,19,810,1040,Active,,,http://www.redfin.com/CA/San-Francisco/601-Van-Ness-Ave-94102/unit-705/home/1349258,San Francisco MLS,421585857,N,Y,37.7813653,-122.4215253
